SfWlsn37@gmail.com,Sofia Wilson,"United States, Iowa, Ankeny, Center St, 126, 41963"
mlTylr22@gmail.com,Amelia Taylor,"United States, Idaho, Idaho Falls, Short St, 72, 25982"
CrlttGv82@gmail.com,Charlotte Geva,"United States, Maryland, Dundalk, Jefferson St, 65, 76212"
NMr51@gmail.com,Noah Moore,"United States, Missouri, Lee’s Summit, Spruce St, 43, 94822"
mlMrtn97@gmail.com,Amelia Martin,"United States, Mississippi, Gulfport, Church St, 83, 80739"
SfWzmn94@gmail.com,Sofia Weizman,"United States, Indiana, Gary, Poplar St, 42, 80933"
dnCn38@gmail.com,Aiden Cohen,"United States, Minnesota, Woodbury, Maple Ave, 65, 75436"
JmsJnWllms60@gmail.com,James John Williams,"United States, Florida, Miami, Cedar Ln, 100, 91378"
mlyWlsn47@gmail.com,Emily Wilson,"United States, Florida, North Port, River Rd, 9, 77976"
SpGnzlz84@gmail.com,Sophia Gonzalez,"United States, Arizona, Scottsdale, Shady Ln, 10, 18134"
mlyJcksn56@gmail.com,Emily Jackson,"United States, Michigan, Rochester Hills, Front St, 52, 83424"
JlWzmn83@gmail.com,Julie Weizman,"United States, Delaware, Middletown, Cedar St, 108, 95970"
JmsFrdmn68@gmail.com,James Friedman,"United States, Maine, Augusta, Spruce St, 68, 88031"
TmMzr71@gmail.com,Tom Mizrahi,"United States, Georgia, Alpharetta, Highland Ave, 104, 24967"
DrGrc57@gmail.com,Dor Garcia,"United States, Georgia, Sandy Springs, Chestnut St, 63, 15590"
MsnLpz65@gmail.com,Mason Lopez,"United States, Arizona, Chandler, 5th St, 126, 64090"
SpGnzlz68@gmail.com,Sophia Gonzalez,"United States, Indiana, Lafayette, Sunset Dr, 9, 82488"
JcbCn12@gmail.com,Jacob Cohen,"United States, Connecticut, New Britain, Maple St, 119, 77318"
mlClrk76@gmail.com,Amelia Clark,"United States, California, Stockton, Main St, 132, 73395"
lvrKtz49@gmail.com,Oliver Katz,"United States, California, Los Angeles, Franklin St, 40, 38559"
mlyKtz80@gmail.com,Emily Katz,"United States, Kansas, Leawood, 1st Ave, 50, 95666"
ljMzlSncz07@gmail.com,Elijah Mazal Sanchez,"United States, Iowa, Waterloo, Franklin St, 133, 05757"
JcksnDvs12@gmail.com,Jackson Davis,"United States, Delaware, Dover, 3rd Ave, 19, 77076"
vrnndz30@gmail.com,Ava Hernandez,"United States, Mississippi, Olive Branch, Jefferson St, 95, 81831"
SfJspL16@gmail.com,Sofia Joseph Lee,"United States, Iowa, Bettendorf, Central Ave, 90, 81715"
sbllTylr88@gmail.com,Isabella Taylor,"United States, Florida, Tallahassee, 1st Ave, 127, 95378"
dnGrcPrz53@gmail.com,Aiden Grace Perez,"United States, Nevada, Spring Valley, Maple Ave, 43, 75667"
SpTylr86@gmail.com,Sophia Taylor,"United States, Delaware, Pike Creek Valley, Cedar Ln, 84, 22195"
MdsnRbnsn54@gmail.com,Madison Robinson,"United States, Missouri, Springfield, Front St, 57, 73316"
CrlttWzmn62@gmail.com,Charlotte Weizman,"United States, Michigan, Ann Arbor, Washington Ave, 111, 85954"
SpMllr09@gmail.com,Sophia Miller,"United States, Maine, Bangor, Circle Dr, 121, 22595"
rnrnndz92@gmail.com,Oren Hernandez,"United States, New Jersey, Camden, Poplar St, 107, 76423"
JlGrc29@gmail.com,Julie Garcia,"United States, New Hampshire, Nashua, 1st St, 115, 11228"
lvrTylr54@gmail.com,Oliver Taylor,"United States, Indiana, Evansville, Airport Rd, 1, 77158"
sbllDnlv60@gmail.com,Isabella Danilov,"United States, Georgia, Sandy Springs, Ridge Rd, 77, 93005"
SfVgdrvtc18@gmail.com,Sofia Vigdorovitch,"United States, Kentucky, Paducah, Chestnut St, 62, 08525"
MsnMzlRbnsn23@gmail.com,Mason Mazal Robinson,"United States, Michigan, Ann Arbor, Lakeview Dr, 104, 58545"
vlynRbnsn50@gmail.com,Evelyn Robinson,"United States, Massachusetts, Springfield, 3rd Ave, 45, 28378"
ljMllr11@gmail.com,Elijah Miller,"United States, Arizona, Gilbert, Washington Ave, 114, 06118"
NDnlv92@gmail.com,Noah Danilov,"United States, New Hampshire, Durham, Front St, 47, 92714"
TmMzr86@gmail.com,Tom Mizrahi,"United States, Minnesota, Eagan, 4th St, 95, 43295"
lvrGnzlz03@gmail.com,Oliver Gonzalez,"United States, Florida, Fort Lauderdale, Elm St, 52, 97176"
JlMzlGnzlz30@gmail.com,Julie Mazal Gonzalez,"United States, Nevada, Pahrump, Elm St, 81, 84447"
NTms32@gmail.com,Noah Thomas,"United States, Montana, Missoula, 9th St, 20, 26146"
vlynBrwn61@gmail.com,Evelyn Brown,"United States, Alaska, College, S Main St, 52, 41059"
GfnSmt50@gmail.com,Gefen Smith,"United States, Alabama, Auburn, 9th St, 112, 23214"
bglCn95@gmail.com,Abigail Cohen,"United States, Kentucky, Georgetown, 7th St, 72, 33645"
bglTylr87@gmail.com,Abigail Taylor,"United States, Michigan, Dearborn, 6th St, 30, 51973"
LcsFrdmn68@gmail.com,Lucas Friedman,"United States, Alabama, Phenix City, 2nd St, 66, 86033"
rprSmt25@gmail.com,Harper Smith,"United States, Maryland, Silver Spring, 2nd Ave, 133, 62438"
JcksnTms50@gmail.com,Jackson Thomas,"United States, Maryland, Hagerstown, 3rd St, 131, 45341"
JcbJns46@gmail.com,Jacob Jones,"United States, Alaska, Fairbanks, School St, 27, 41551"
LmJspJcksn63@gmail.com,Liam Joseph Jackson,"United States, Idaho, Pocatello, Shady Ln, 53, 36773"
CrlttCLvy87@gmail.com,Charlotte Chai Levy,"United States, Montana, Miles City, Park Ave, 7, 36487"
tnCn30@gmail.com,Ethan Cohen,"United States, Louisiana, Lafayette, Maple St, 84, 49353"
SpRdrgz76@gmail.com,Sophia Rodriguez,"United States, Delaware, Glasgow, 6th St, 30, 55628"
rnMzr40@gmail.com,Oren Mizrahi,"United States, Nevada, Enterprise, River Rd, 74, 84026"
Jcksnnnndrsn21@gmail.com,Jackson Ann Anderson,"United States, Arkansas, Fort Smith, Highland Ave, 114, 11983"
vKtz54@gmail.com,Ava Katz,"United States, New Hampshire, Claremont, Locust St, 136, 85275"
SpL90@gmail.com,Sophia Lee,"United States, Maine, Brunswick, Lakeview Dr, 107, 49105"
rnVgdrvtc07@gmail.com,Oren Vigdorovitch,"United States, Michigan, Wyoming, Elm St, 74, 60140"
JmsTms40@gmail.com,James Thomas,"United States, Arkansas, Pine Bluff, Mill St, 35, 85502"
SfVgdrvtc07@gmail.com,Sofia Vigdorovitch,"United States, Iowa, Cedar Falls, Lincoln St, 117, 37997"
GfnDn09@gmail.com,Gefen Dahan,"United States, Iowa, Davenport, 5th St, 112, 23842"
SfDvs58@gmail.com,Sofia Davis,"United States, Alabama, Huntsville, High St, 71, 61082"
Spndrsn13@gmail.com,Sophia Anderson,"United States, Iowa, Ankeny, Vine St, 126, 74192"
lvDn32@gmail.com,Olivia Dahan,"United States, Delaware, Middletown, Cedar Ln, 55, 84946"
LcsGrcWzmn61@gmail.com,Lucas Grace Weizman,"United States, Missouri, St. Charles, Poplar St, 6, 82003"
NRdrgz64@gmail.com,Noah Rodriguez,"United States, Georgia, South Fulton, Front St, 94, 93699"
JlKtz68@gmail.com,Julie Katz,"United States, Mississippi, Greenville, 3rd St, 131, 84766"
rrrs02@gmail.com,Ori Harris,"United States, Maine, Portland, East St, 23, 73956"
rBrwn18@gmail.com,Ori Brown,"United States, Nevada, Winchester, Shady Ln, 50, 90046"
MdsnCn38@gmail.com,Madison Cohen,"United States, Nebraska, South Sioux City, Maple Ave, 4, 11746"
fkndrsn62@gmail.com,Ofek Anderson,"United States, Connecticut, East Hartford, East St, 43, 48980"
TmJns55@gmail.com,Tom Jones,"United States, California, Sacramento, Church St, 80, 32298"
TmGnzlz10@gmail.com,Tom Gonzalez,"United States, Hawaii, Kapolei, Lincoln St, 126, 03004"
SpTms14@gmail.com,Sophia Thomas,"United States, Kentucky, Florence, Washington Ave, 63, 99260"
sbllJnMrtn59@gmail.com,Isabella John Martin,"United States, Michigan, Kalamazoo, 8th St, 123, 02093"
tnJnsn18@gmail.com,Ethan Johnson,"United States, Georgia, Atlanta, E Main St, 118, 74689"
lxndrRbnsn65@gmail.com,Alexander Robinson,"United States, Florida, Riverview, 2nd St, 100, 95698"
JcbGrc14@gmail.com,Jacob Garcia,"United States, Nebraska, La Vista, River Rd, 103, 63529"
dnClrk21@gmail.com,Aiden Clark,"United States, Kentucky, Elizabethtown, School St, 37, 18295"
MsnL66@gmail.com,Mason Lee,"United States, Iowa, Council Bluffs, East St, 68, 93762"
ljGrc19@gmail.com,Elijah Garcia,"United States, Alabama, Phenix City, 3rd St, 29, 16714"
mlyLGv55@gmail.com,Emily Lee Geva,"United States, Hawaii, East Honolulu, Front St, 118, 82060"
lxndrlzbtDnlv58@gmail.com,Alexander Elizabeth Danilov,"United States, California, Riverside, Main St, 15, 61361"
vMllr67@gmail.com,Ava Miller,"United States, Massachusetts, Brockton, Lincoln St, 115, 48504"
MdsnCn66@gmail.com,Madison Cohen,"United States, Maryland, Hagerstown, Cedar Ln, 28, 98012"
SfMzr53@gmail.com,Sofia Mizrahi,"United States, Mississippi, Pearl, 2nd St, 44, 14959"
vlynFrdmn01@gmail.com,Evelyn Friedman,"United States, Indiana, Gary, Water St, 53, 96958"
MsnMllr40@gmail.com,Mason Miller,"United States, Missouri, Independence, 4th St, 125, 46733"
lvJnsn80@gmail.com,Olivia Johnson,"United States, Alaska, Gateway, Water St, 124, 88510"
vryBrwn36@gmail.com,Avery Brown,"United States, New Jersey, Clifton, Maple Ave, 114, 72482"
lxndrGrc29@gmail.com,Alexander Garcia,"United States, Arizona, San Tan Valley, 5th St, 55, 51262"
mlyRbnsn12@gmail.com,Emily Robinson,"United States, Hawaii, Kailua, Cedar Ln, 88, 49599"
ljTmpsn16@gmail.com,Elijah Thompson,"United States, Alaska, Sterling, Hillcrest Dr, 53, 36940"
JmsClrk81@gmail.com,James Clark,"United States, Maryland, Germantown, 2nd Ave, 130, 54435"
Jcksnrnndz62@gmail.com,Jackson Hernandez,"United States, Louisiana, Marrero, Franklin St, 103, 63158"
GfnMllr94@gmail.com,Gefen Miller,"United States, Missouri, O’Fallon, 3rd Ave, 8, 65496"
MsnMrtnz51@gmail.com,Mason Martinez,"United States, Alaska, College, Jefferson St, 84, 03067"
MclWt46@gmail.com,Michael White,"United States, Missouri, Columbia, Spruce St, 25, 77350"
frrrs80@gmail.com,Ofri Harris,"United States, California, Santa Ana, Locust St, 35, 96771"
ljlzbtLws59@gmail.com,Elijah Elizabeth Lewis,"United States, Montana, Bozeman, Maple St, 123, 84957"
tnGrc75@gmail.com,Ethan Garcia,"United States, Arizona, Peoria, Pine St, 55, 21332"
bglJspClrk72@gmail.com,Abigail Joseph Clark,"United States, Minnesota, Maple Grove, Pine St, 85, 74345"
frCrlsJns76@gmail.com,Ofri Charles Jones,"United States, Hawaii, Pearl City, Front St, 74, 99524"
lvrMrtnz68@gmail.com,Oliver Martinez,"United States, Illinois, Des Plaines, Jefferson St, 48, 99452"
DrWt31@gmail.com,Dor White,"United States, Idaho, Kuna, Railroad St, 16, 30390"
vMr91@gmail.com,Ava Moore,"United States, Connecticut, New Haven, Sunset Dr, 121, 72492"
BnjmnLvy69@gmail.com,Benjamin Levy,"United States, Connecticut, Danbury, Ridge Rd, 98, 35184"
mmMllr92@gmail.com,Emma Miller,"United States, Florida, St. Petersburg, Oak St, 28, 16443"
rMr94@gmail.com,Ori Moore,"United States, Nebraska, Hastings, 6th St, 101, 46900"
LcsDvs97@gmail.com,Lucas Davis,"United States, Missouri, Lee’s Summit, Oak St, 50, 63744"
JlGnzlz70@gmail.com,Julie Gonzalez,"United States, Kansas, Dodge City, 6th St, 132, 34478"
Nrrs87@gmail.com,Noah Harris,"United States, Montana, Billings, 2nd St, 56, 75234"
vlynFrdmn13@gmail.com,Evelyn Friedman,"United States, Indiana, Hammond, S Main St, 47, 94579"
JmsJcksn71@gmail.com,James Jackson,"United States, Missouri, Blue Springs, S Main St, 111, 85782"
lvDvs25@gmail.com,Olivia Davis,"United States, Illinois, Waukegan, Woodland Dr, 36, 74735"
JcbL47@gmail.com,Jacob Lee,"United States, California, Anaheim, 8th St, 128, 71171"
LcsMzr80@gmail.com,Lucas Mizrahi,"United States, Illinois, Waukegan, Church St, 37, 75657"
MdsnnnLpz84@gmail.com,Madison Ann Lopez,"United States, Idaho, Twin Falls, Adams St, 3, 40683"
SfMrtnz16@gmail.com,Sofia Martinez,"United States, Colorado, Lakewood, 10th St, 76, 17947"
MsnWt89@gmail.com,Mason White,"United States, Arizona, Goodyear, Shady Ln, 85, 19834"
DrrBrwn54@gmail.com,Dror Brown,"United States, Missouri, Florissant, Washington Ave, 102, 10979"
LmMrSmt11@gmail.com,Liam Marie Smith,"United States, Minnesota, Woodbury, Sunset Dr, 34, 37729"
mlrnndz72@gmail.com,Amelia Hernandez,"United States, Connecticut, Milford city, Woodland Dr, 15, 35011"
sbllRdrgz99@gmail.com,Isabella Rodriguez,"United States, New Jersey, Bayonne, Hillcrest Dr, 26, 15627"
SpRsGv12@gmail.com,Sophia Rose Geva,"United States, New Hampshire, Portsmouth, Short St, 30, 83148"
tnRdrgz89@gmail.com,Ethan Rodriguez,"United States, Nebraska, Bellevue, 3rd St, 72, 18853"
JlDn79@gmail.com,Julie Dahan,"United States, Connecticut, New Britain, 3rd Ave, 11, 67995"
TmWt75@gmail.com,Tom White,"United States, Maryland, Silver Spring, 2nd Ave, 135, 14722"
lvMrtnz31@gmail.com,Olivia Martinez,"United States, Indiana, Kokomo, North St, 38, 60630"
dnMzr54@gmail.com,Aiden Mizrahi,"United States, New Jersey, Union City, 3rd Ave, 130, 44039"
fkJcksn76@gmail.com,Ofek Jackson,"United States, Montana, Lockwood, Cherry St, 25, 96175"
rL99@gmail.com,Ori Lee,"United States, Georgia, Valdosta, Jackson St, 122, 03083"
rndrsn88@gmail.com,Ori Anderson,"United States, Arizona, Scottsdale, 1st Ave, 83, 21021"
lxndrWzmn77@gmail.com,Alexander Weizman,"United States, Iowa, Waterloo, North St, 124, 86926"
LmFrdmn48@gmail.com,Liam Friedman,"United States, New Jersey, Vineland, County Line Rd, 14, 58163"
mlyMllr90@gmail.com,Emily Miller,"United States, Florida, Hialeah, Maple St, 15, 48253"
LmRdrgz92@gmail.com,Liam Rodriguez,"United States, Nevada, Reno, 3rd St, 49, 62459"
tnSmt77@gmail.com,Ethan Smith,"United States, Michigan, Grand Rapids, 4th St, 108, 08118"
MdsnLpz64@gmail.com,Madison Lopez,"United States, Maryland, Hagerstown, Elm St, 84, 40105"
mlClrk22@gmail.com,Amelia Clark,"United States, Montana, Kalispell, 2nd Ave, 33, 60687"
SpMrtnz52@gmail.com,Sophia Martinez,"United States, Mississippi, Horn Lake, Sunset Dr, 104, 63530"
SpCn31@gmail.com,Sophia Cohen,"United States, Indiana, Fishers, South St, 50, 40206"
JcbRsLpz85@gmail.com,Jacob Rose Lopez,"United States, Iowa, West Des Moines, Shady Ln, 5, 70238"
LmSncz07@gmail.com,Liam Sanchez,"United States, Illinois, Aurora, 6th St, 86, 34821"
rJnsn87@gmail.com,Ori Johnson,"United States, Minnesota, Lakeville, 4th St, 115, 25508"
BnjmnLpz32@gmail.com,Benjamin Lopez,"United States, Indiana, South Bend, 10th St, 79, 47306"
JmsnnLvy88@gmail.com,James Ann Levy,"United States, Colorado, Pueblo, 3rd St, 31, 34793"
mmPrz20@gmail.com,Emma Perez,"United States, Mississippi, Olive Branch, Shady Ln, 98, 45897"
DrCn48@gmail.com,Dor Cohen,"United States, Indiana, Anderson, 4th St, 4, 26181"
mlTms24@gmail.com,Amelia Thomas,"United States, Illinois, Des Plaines, Cedar St, 84, 83467"
JmsSncz22@gmail.com,James Sanchez,"United States, Idaho, Boise, Mill St, 85, 53752"
dnMzlTylr48@gmail.com,Aiden Mazal Taylor,"United States, Alabama, Montgomery, Cedar St, 126, 70886"
GfnJcksn30@gmail.com,Gefen Jackson,"United States, Delaware, Hockessin, Short St, 42, 53615"
MclWzmn73@gmail.com,Michael Weizman,"United States, Georgia, Johns Creek, Meadow Ln, 110, 40079"
DrTylr66@gmail.com,Dor Taylor,"United States, New Hampshire, Claremont, 6th St, 31, 98386"
dnL87@gmail.com,Aiden Lee,"United States, Idaho, Moscow, Adams St, 67, 85402"
dnCn61@gmail.com,Aiden Cohen,"United States, Michigan, Farmington Hills, School St, 120, 50134"
JlCn61@gmail.com,Julie Cohen,"United States, Iowa, Council Bluffs, High St, 25, 80751"
rnJns04@gmail.com,Oren Jones,"United States, Louisiana, Bossier City, North St, 71, 12425"
ljMzr90@gmail.com,Elijah Mizrahi,"United States, Delaware, Brookside, South St, 73, 09103"
rnRbnsn06@gmail.com,Oren Robinson,"United States, Iowa, Ames, Washington St, 123, 28926"
SfFrdmn28@gmail.com,Sofia Friedman,"United States, Minnesota, Maple Grove, Railroad St, 35, 41563"
vPrz79@gmail.com,Ava Perez,"United States, Connecticut, Norwalk, County Line Rd, 135, 52824"
vlynrnndz30@gmail.com,Evelyn Hernandez,"United States, Arkansas, Texarkana, Spruce St, 115, 87028"
BnjmnPrz26@gmail.com,Benjamin Perez,"United States, Florida, Daytona Beach, 8th St, 125, 32316"
mmMzr90@gmail.com,Emma Mizrahi,"United States, Arizona, Tucson, Central Ave, 59, 34454"
JlSrCn79@gmail.com,Julie Sara Cohen,"United States, Maine, Brunswick, River Rd, 13, 96974"
fkJnWzmn43@gmail.com,Ofek John Weizman,"United States, Illinois, Waukegan, Railroad St, 20, 26962"
MclL75@gmail.com,Michael Lee,"United States, California, San Jose, Circle Dr, 126, 83705"
MclLpz52@gmail.com,Michael Lopez,"United States, Mississippi, Starkville, Short St, 125, 67347"
fkRmrz22@gmail.com,Ofek Ramirez,"United States, New Hampshire, Derry, Railroad Ave, 15, 69175"
LmJcksn69@gmail.com,Liam Jackson,"United States, Florida, Riverview, Short St, 24, 10540"
NLpz52@gmail.com,Noah Lopez,"United States, Indiana, Terre Haute, S Main St, 44, 14155"
ljCrlsGnzlz97@gmail.com,Elijah Charles Gonzalez,"United States, Mississippi, Biloxi, North St, 40, 27006"
lvrMrtnz24@gmail.com,Oliver Martinez,"United States, Kentucky, Jeffersontown, 1st St, 38, 51274"
vlynTmpsn03@gmail.com,Evelyn Thompson,"United States, Nebraska, La Vista, Lincoln St, 116, 51877"
tnJnsn18@gmail.com,Noah Danilov,"United States, New Hampshire, Durham, Front St, 47, 92714"
TmMzr86@gmail.com,Liam Friedman,"United States, New Jersey, Vineland, County Line Rd, 14, 58163"
NMr51@gmail.com,Jackson Thomas,"United States, Maryland, Hagerstown, 3rd St, 131, 45341"
CrlttWzmn62@gmail.com,Julie Katz,"United States, Mississippi, Greenville, 3rd St, 131, 84766"
mlyJcksn56@gmail.com,Michael Jones,"United States, Indiana, Muncie, Ash St, 48, 96360"
mmPrz20@gmail.com,Michael Joseph Levy,"United States, Minnesota, Coon Rapids, Central Ave, 107, 71626"
lvrKtz49@gmail.com,Mason White,"United States, Arizona, Goodyear, Shady Ln, 85, 19834"
CrlttCLvy87@gmail.com,Ofri Lee,"United States, Alabama, Birmingham, 6th St, 52, 70765"
LcsMzr80@gmail.com,Sophia Rose Geva,"United States, New Hampshire, Portsmouth, Short St, 30, 83148"
SfWzmn94@gmail.com,Julie Cohen,"United States, Iowa, Council Bluffs, High St, 25, 80751"
MdsnLpz64@gmail.com,Jacob Cohen,"United States, Connecticut, New Britain, Maple St, 119, 77318"
ljTmpsn16@gmail.com,Noah Ann Williams,"United States, Kentucky, Henderson, Meadow Ln, 61, 39807"
lxndrlzbtDnlv58@gmail.com,Michael Danilov,"United States, Arizona, Yuma, Lincoln St, 103, 23328"
frCrlsJns76@gmail.com,Avery Brown,"United States, Kentucky, Independence, Cedar St, 82, 52231"
ljMllr11@gmail.com,Olivia Jackson,"United States, Louisiana, Marrero, Franklin St, 60, 11636"
JmsnnLvy88@gmail.com,Liam Sanchez,"United States, Illinois, Aurora, 6th St, 86, 34821"
MclLpz52@gmail.com,Elijah Mizrahi,"United States, Colorado, Centennial, Shady Ln, 113, 36481"
NDnlv92@gmail.com,Ofek Ann Davis,"United States, Mississippi, Greenville, Spruce St, 88, 96920"
ljGrc19@gmail.com,Ethan Cohen,"United States, Louisiana, Lafayette, Maple St, 84, 49353"
JcksnDvs12@gmail.com,Emma Harris,"United States, Kansas, Olathe, Hill St, 8, 43280"
mlyMllr90@gmail.com,Dror Geva,"United States, Connecticut, Milford city, Lakeview Dr, 13, 49158"
vlynRbnsn50@gmail.com,Emily Miller,"United States, Florida, Hialeah, Maple St, 15, 48253"
SpCn31@gmail.com,Isabella Taylor,"United States, Florida, Tallahassee, 1st Ave, 127, 95378"
BnjmnLvy69@gmail.com,Logan Lee,"United States, Montana, Evergreen, Hill St, 58, 03875"
NMr51@gmail.com,Liam Sanchez,"United States, Illinois, Aurora, 6th St, 86, 34821"
JmsnnLvy88@gmail.com,Mason Robinson,"United States, Hawaii, Schofield Barracks, 6th St, 102, 66868"
JcbJns46@gmail.com,Olivia Thomas,"United States, Massachusetts, Lynn, West St, 47, 18880"
SpRsGv12@gmail.com,Evelyn Thompson,"United States, Nebraska, La Vista, Lincoln St, 116, 51877"
SpTylr86@gmail.com,Mason Mazal Robinson,"United States, Michigan, Ann Arbor, Lakeview Dr, 104, 58545"
DrTylr66@gmail.com,Dror Geva,"United States, Connecticut, Milford city, Lakeview Dr, 13, 49158"
mlyKtz80@gmail.com,Tom Gonzalez,"United States, Hawaii, Kapolei, Lincoln St, 126, 03004"
lvDvs25@gmail.com,Oliver Thompson,"United States, Kentucky, Paducah, Chestnut St, 108, 79519"
LmJcksn69@gmail.com,Ava Katz,"United States, New Hampshire, Claremont, Locust St, 136, 85275"
MclWt46@gmail.com,Ethan Garcia,"United States, Arizona, Peoria, Pine St, 55, 21332"
MsnMrtnz51@gmail.com,Jackson Davis,"United States, Delaware, Dover, 3rd Ave, 19, 77076"
rndrsn88@gmail.com,Michael White,"United States, Missouri, Columbia, Spruce St, 25, 77350"
JmsJcksn71@gmail.com,Lucas Davis,"United States, Missouri, Lee’s Summit, Oak St, 50, 63744"
SfJspL16@gmail.com,Benjamin Thomas,"United States, Indiana, Noblesville, North St, 28, 83666"
JlCn61@gmail.com,Sofia Friedman,"United States, Minnesota, Maple Grove, Railroad St, 35, 41563"
JcbCn12@gmail.com,Liam Joseph Jackson,"United States, Idaho, Pocatello, Shady Ln, 53, 36773"
tnGrc75@gmail.com,Aiden Moore,"United States, Louisiana, Baton Rouge, School St, 60, 18488"
rnVgdrvtc07@gmail.com,Olivia Brown,"United States, New Jersey, Newark, Meadow Ln, 41, 17822"
DrCn48@gmail.com,Ofri Lee,"United States, Alabama, Birmingham, 6th St, 52, 70765"
sbllTylr88@gmail.com,Emily Jackson,"United States, Michigan, Rochester Hills, Front St, 52, 83424"
LmMrSmt11@gmail.com,Emily Miller,"United States, Florida, Hialeah, Maple St, 15, 48253"
vPrz79@gmail.com,Ofri Charles Jones,"United States, Hawaii, Pearl City, Front St, 74, 99524"
vMr91@gmail.com,Liam Friedman,"United States, New Jersey, Vineland, County Line Rd, 14, 58163"
mlyKtz80@gmail.com,Amelia Clark,"United States, Montana, Kalispell, 2nd Ave, 33, 60687"
lvDn32@gmail.com,Jackson Hernandez,"United States, Louisiana, Marrero, Franklin St, 103, 63158"
JlGnzlz70@gmail.com,Isabella John Martin,"United States, Michigan, Kalamazoo, 8th St, 123, 02093"
rrrs02@gmail.com,Olivia Harris,"United States, Indiana, Carmel, Locust St, 93, 74552"
MsnMrtnz51@gmail.com,Lucas Friedman,"United States, Alabama, Phenix City, 2nd St, 66, 86033"
rprSmt25@gmail.com,Julie Sara Cohen,"United States, Maine, Brunswick, River Rd, 13, 96974"
SpTms14@gmail.com,Ofri Lewis,"United States, Arizona, Buckeye, Railroad St, 74, 64485"
mmMllr92@gmail.com,Julie Dahan,"United States, Connecticut, New Britain, 3rd Ave, 11, 67995"
LmMrSmt11@gmail.com,Ethan Cohen,"United States, Louisiana, Lafayette, Maple St, 84, 49353"
rBrwn18@gmail.com,Oren Jones,"United States, Louisiana, Bossier City, North St, 71, 12425"
mmMllr92@gmail.com,Dor Miller,"United States, Colorado, Lakewood, Woodland Dr, 22, 90841"
mlyJcksn56@gmail.com,Aiden Lee,"United States, Idaho, Moscow, Adams St, 67, 85402"
vlynFrdmn01@gmail.com,Emma Taylor,"United States, Alaska, Anchorage, Adams St, 50, 10918"
JlWzmn83@gmail.com,Dor Garcia,"United States, Georgia, Sandy Springs, Chestnut St, 63, 15590"
dnL87@gmail.com,Julie Mazal Gonzalez,"United States, Nevada, Pahrump, Elm St, 81, 84447"
JlWzmn83@gmail.com,Ethan Taylor,"United States, Idaho, Rexburg, Front St, 112, 32310"
fkJcksn76@gmail.com,Jacob Wilson,"United States, Arizona, Avondale, Adams St, 48, 65031"
JlCn61@gmail.com,James John Williams,"United States, Florida, Miami, Cedar Ln, 100, 91378"
CrlttCLvy87@gmail.com,Mason Weizman,"United States, Idaho, Eagle, Church St, 108, 03659"
tnRdrgz89@gmail.com,Elijah Garcia,"United States, Alabama, Phenix City, 3rd St, 29, 16714"
dnL87@gmail.com,Mason Robinson,"United States, Hawaii, Schofield Barracks, 6th St, 102, 66868"
SfVgdrvtc07@gmail.com,Sophia Rodriguez,"United States, Delaware, Glasgow, 6th St, 30, 55628"
vlynFrdmn13@gmail.com,Aiden Clark,"United States, Kentucky, Elizabethtown, School St, 37, 18295"
vlynBrwn61@gmail.com,Julie Garcia,"United States, New Hampshire, Nashua, 1st St, 115, 11228"
Spndrsn13@gmail.com,Tom Mizrahi,"United States, Minnesota, Eagan, 4th St, 95, 43295"
lvJnsn80@gmail.com,Mason White,"United States, Arizona, Goodyear, Shady Ln, 85, 19834"
JlKtz68@gmail.com,Jacob Katz,"United States, Michigan, Kalamazoo, Meadow Ln, 38, 88510"
dnMzlTylr48@gmail.com,James Lee,"United States, Alabama, Dothan, Jackson St, 17, 23224"
MdsnLpz64@gmail.com,Jackson Levy,"United States, Alaska, Juneau, Airport Rd, 120, 10411"
ljCrlsGnzlz97@gmail.com,Elijah Elizabeth Lewis,"United States, Montana, Bozeman, Maple St, 123, 84957"
ljMllr11@gmail.com,Abigail Taylor,"United States, Michigan, Dearborn, 6th St, 30, 51973"
fkJcksn76@gmail.com,Michael Jones,"United States, Indiana, Muncie, Ash St, 48, 96360"
fkRmrz22@gmail.com,Jackson Ann Anderson,"United States, Arkansas, Fort Smith, Highland Ave, 114, 11983"
MsnWt89@gmail.com,Julie Sara Cohen,"United States, Maine, Brunswick, River Rd, 13, 96974"
bglJspClrk72@gmail.com,Michael White,"United States, Missouri, Columbia, Spruce St, 25, 77350"
JmsSncz22@gmail.com,Dror Cohen,"United States, Hawaii, Kihei, Pine St, 74, 96818"
BnjmnLvy69@gmail.com,Julie Dahan,"United States, Connecticut, New Britain, 3rd Ave, 11, 67995"
mlTylr22@gmail.com,Abigail Davis,"United States, Mississippi, Horn Lake, Front St, 123, 73622"
vPrz79@gmail.com,Oren Mizrahi,"United States, Nevada, Enterprise, River Rd, 74, 84026"
rprSmt25@gmail.com,Aiden Lee,"United States, Idaho, Moscow, Adams St, 67, 85402"
JlCn61@gmail.com,Evelyn Friedman,"United States, Indiana, Hammond, S Main St, 47, 94579"
vMllr67@gmail.com,Sophia Rodriguez,"United States, Delaware, Glasgow, 6th St, 30, 55628"
SfWlsn37@gmail.com,Benjamin Lopez,"United States, Indiana, South Bend, 10th St, 79, 47306"
ljGrc19@gmail.com,Jacob Cohen,"United States, Connecticut, New Britain, Maple St, 119, 77318"
mmPrz20@gmail.com,Sophia Cohen,"United States, Indiana, Fishers, South St, 50, 40206"
JlMzlGnzlz30@gmail.com,Sophia Gonzalez,"United States, Indiana, Lafayette, Sunset Dr, 9, 82488"
bglJspClrk72@gmail.com,Liam Jackson,"United States, Florida, Riverview, Short St, 24, 10540"
MdsnRbnsn54@gmail.com,Jacob Lee,"United States, California, Anaheim, 8th St, 128, 71171"
NRdrgz64@gmail.com,Aiden Cohen,"United States, Michigan, Farmington Hills, School St, 120, 50134"
sbllJnMrtn59@gmail.com,Olivia Johnson,"United States, Alaska, Gateway, Water St, 124, 88510"
GfnJcksn30@gmail.com,Ori Anderson,"United States, Arizona, Scottsdale, 1st Ave, 83, 21021"
LmJcksn69@gmail.com,Lucas Friedman,"United States, Alabama, Phenix City, 2nd St, 66, 86033"
dnCn61@gmail.com,Mason Lopez,"United States, Arizona, Chandler, 5th St, 126, 64090"
MdsnnnLpz84@gmail.com,Aiden Clark,"United States, Kentucky, Elizabethtown, School St, 37, 18295"
mlTms24@gmail.com,Elijah Thompson,"United States, Alaska, Sterling, Hillcrest Dr, 53, 36940"
fkJnWzmn43@gmail.com,Sofia Davis,"United States, Alabama, Huntsville, High St, 71, 61082"
dnMzr54@gmail.com,James Thomas,"United States, Arkansas, Pine Bluff, Mill St, 35, 85502"
JcbCn12@gmail.com,Ofek Thompson,"United States, Arkansas, Jonesboro, 6th St, 18, 11427"
MclWt46@gmail.com,Lucas Mizrahi,"United States, Illinois, Waukegan, Church St, 37, 75657"
vryBrwn36@gmail.com,Olivia Thomas,"United States, Massachusetts, Lynn, West St, 47, 18880"
Jcksnnnndrsn21@gmail.com,Madison Rodriguez,"United States, Alaska, Fairbanks, Ash St, 126, 28748"
vKtz54@gmail.com,Oren Danilov,"United States, New Jersey, Bayonne, Front St, 56, 06916"
JlWzmn83@gmail.com,Isabella Jones,"United States, Kentucky, Nicholasville, Willow St, 126, 38926"
DrWt31@gmail.com,Mia Taylor,"United States, Indiana, Bloomington, South St, 103, 30424"
NMr51@gmail.com,Gefen Jackson,"United States, Delaware, Hockessin, Short St, 42, 53615"
dnCn61@gmail.com,Avery Brown,"United States, Kentucky, Independence, Cedar St, 82, 52231"
JcbGrc14@gmail.com,Alexander Garcia,"United States, Arizona, San Tan Valley, 5th St, 55, 51262"
vMllr67@gmail.com,Michael Miller,"United States, Michigan, Wyoming, Pine St, 77, 92372"
LmMrSmt11@gmail.com,Gefen Smith,"United States, Alabama, Auburn, 9th St, 112, 23214"
SfDvs58@gmail.com,Emma Friedman,"United States, Missouri, Jefferson City, Main St, 15, 63935"
JlCn61@gmail.com,Julie Gonzalez,"United States, Kansas, Dodge City, 6th St, 132, 34478"
Nrrs87@gmail.com,Dror Sara Williams,"United States, Missouri, Florissant, Poplar St, 136, 50808"
GfnJcksn30@gmail.com,Lucas Friedman,"United States, Alabama, Phenix City, 2nd St, 66, 86033"
mmMllr92@gmail.com,Logan Lewis,"United States, Indiana, Indianapolis, High St, 75, 81978"
SfJspL16@gmail.com,Amelia Clark,"United States, Montana, Kalispell, 2nd Ave, 33, 60687"
TmJns55@gmail.com,Sophia Lee,"United States, Maine, Brunswick, Lakeview Dr, 107, 49105"
vPrz79@gmail.com,Isabella Taylor,"United States, Florida, Tallahassee, 1st Ave, 127, 95378"
JmsJnWllms60@gmail.com,Tom Mizrahi,"United States, Georgia, Alpharetta, Highland Ave, 104, 24967"
CrlttWzmn62@gmail.com,Alexander Weizman,"United States, Iowa, Waterloo, North St, 124, 86926"
ljMzr90@gmail.com,Jackson Ann Anderson,"United States, Arkansas, Fort Smith, Highland Ave, 114, 11983"
mlyLGv55@gmail.com,Liam Marie Smith,"United States, Minnesota, Woodbury, Sunset Dr, 34, 37729"
DrGrc57@gmail.com,Amelia Martin,"United States, Mississippi, Gulfport, Church St, 83, 80739"
SfWzmn94@gmail.com,Olivia Martinez,"United States, Indiana, Kokomo, North St, 38, 60630"
ljlzbtLws59@gmail.com,Isabella Rodriguez,"United States, New Jersey, Bayonne, Hillcrest Dr, 26, 15627"
SfJspL16@gmail.com,Sofia Davis,"United States, Alabama, Huntsville, High St, 71, 61082"
mlrnndz72@gmail.com,James John Williams,"United States, Florida, Miami, Cedar Ln, 100, 91378"
dnClrk21@gmail.com,Michael Miller,"United States, Michigan, Wyoming, Pine St, 77, 92372"
rnrnndz92@gmail.com,Amelia Martin,"United States, Mississippi, Gulfport, Church St, 83, 80739"
DrTylr66@gmail.com,Madison Robinson,"United States, Missouri, Springfield, Front St, 57, 73316"
JlSrCn79@gmail.com,Liam Rodriguez,"United States, Nevada, Reno, 3rd St, 49, 62459"
Jcksnnnndrsn21@gmail.com,Liam Friedman,"United States, New Jersey, Vineland, County Line Rd, 14, 58163"
LmMrSmt11@gmail.com,Evelyn Friedman,"United States, Indiana, Gary, Water St, 53, 96958"
JlGrc29@gmail.com,Ori Clark,"United States, Maryland, Baltimore, Main St, 125, 31346"
sbllTylr88@gmail.com,Amelia Taylor,"United States, Idaho, Idaho Falls, Short St, 72, 25982"
TmMzr71@gmail.com,James Clark,"United States, Maryland, Germantown, 2nd Ave, 130, 54435"
JlGrc29@gmail.com,Amelia Clark,"United States, Montana, Kalispell, 2nd Ave, 33, 60687"
JlMzlGnzlz30@gmail.com,Emily Katz,"United States, Kansas, Leawood, 1st Ave, 50, 95666"
dnL87@gmail.com,Ori Clark,"United States, Maryland, Baltimore, Main St, 125, 31346"
SfWlsn37@gmail.com,Lucas Davis,"United States, Missouri, Lee’s Summit, Oak St, 50, 63744"
mlClrk22@gmail.com,Emily Jackson,"United States, Michigan, Rochester Hills, Front St, 52, 83424"
dnL87@gmail.com,Julie Dahan,"United States, Connecticut, New Britain, 3rd Ave, 11, 67995"
sbllJnMrtn59@gmail.com,Dor Garcia,"United States, Georgia, Sandy Springs, Chestnut St, 63, 15590"
mlMrtn97@gmail.com,Noah Weizman,"United States, Indiana, Fishers, Meadow Ln, 68, 06615"
sbllRdrgz99@gmail.com,Olivia Harris,"United States, Indiana, Carmel, Locust St, 93, 74552"
JlWzmn83@gmail.com,Ori Anderson,"United States, Arizona, Scottsdale, 1st Ave, 83, 21021"
MdsnLpz64@gmail.com,Harper Marie Davis,"United States, Maryland, Annapolis, Jefferson St, 100, 62518"
dnMzr54@gmail.com,Sofia Mizrahi,"United States, Mississippi, Pearl, 2nd St, 44, 14959"
lvDn32@gmail.com,James Ann Levy,"United States, Colorado, Pueblo, 3rd St, 31, 34793"
CrlttCLvy87@gmail.com,Alexander Robinson,"United States, Florida, Riverview, 2nd St, 100, 95698"
CrlttWzmn62@gmail.com,Harper Smith,"United States, Maryland, Silver Spring, 2nd Ave, 133, 62438"
MdsnCn66@gmail.com,Julie Gonzalez,"United States, Kansas, Dodge City, 6th St, 132, 34478"
rJnsn87@gmail.com,Ori Brown,"United States, Nevada, Winchester, Shady Ln, 50, 90046"
Spndrsn13@gmail.com,Sofia Lee Martin,"United States, Iowa, Davenport, 1st Ave, 33, 20261"
JcksnDvs12@gmail.com,Charlotte Geva,"United States, Maryland, Dundalk, Jefferson St, 65, 76212"
dnMzr54@gmail.com,Isabella John Martin,"United States, Michigan, Kalamazoo, 8th St, 123, 02093"
JmsClrk81@gmail.com,Evelyn Thompson,"United States, Nebraska, La Vista, Lincoln St, 116, 51877"
ljCrlsGnzlz97@gmail.com,Liam Miller,"United States, Kansas, Overland Park, Main St, 58, 16845"
JmsClrk81@gmail.com,Liam Rodriguez,"United States, Nevada, Reno, 3rd St, 49, 62459"
MdsnLpz64@gmail.com,Oliver Gonzalez,"United States, Florida, Fort Lauderdale, Elm St, 52, 97176"
SfMrtnz16@gmail.com,Tom Johnson,"United States, Maryland, Hagerstown, Washington St, 89, 91978"
GfnDn09@gmail.com,Ori Lopez,"United States, New Jersey, Lakewood, N Main St, 12, 14548"
SpGnzlz68@gmail.com,Evelyn Thompson,"United States, Nebraska, La Vista, Lincoln St, 116, 51877"
MclL75@gmail.com,Ori Clark,"United States, Maryland, Baltimore, Main St, 125, 31346"
SfVgdrvtc18@gmail.com,Isabella Clark,"United States, New Jersey, Paterson, Oak St, 52, 20781"
GfnDn09@gmail.com,Liam Joseph Jackson,"United States, Idaho, Pocatello, Shady Ln, 53, 36773"
rprSmt25@gmail.com,Amelia Thomas,"United States, Illinois, Des Plaines, Cedar St, 84, 83467"
ljlzbtLws59@gmail.com,Sofia Vigdorovitch,"United States, Kentucky, Paducah, Chestnut St, 62, 08525"
vlynFrdmn01@gmail.com,Ava Miller,"United States, Massachusetts, Brockton, Lincoln St, 115, 48504"
dnCn38@gmail.com,Tom Martin,"United States, Hawaii, Waipahu, Meadow Ln, 81, 89463"
mlyRbnsn12@gmail.com,Michael White,"United States, Missouri, Columbia, Spruce St, 25, 77350"
SpL90@gmail.com,Noah Harris,"United States, Montana, Billings, 2nd St, 56, 75234"
LmFrdmn48@gmail.com,Olivia Johnson,"United States, Alaska, Gateway, Water St, 124, 88510"
fkndrsn62@gmail.com,Mia Thompson,"United States, Alaska, Knik-Fairview, Sunset Dr, 68, 12759"
sbllRdrgz99@gmail.com,Jacob Lee,"United States, California, Anaheim, 8th St, 128, 71171"
mmMzr90@gmail.com,Charlotte Levy,"United States, Nebraska, Beatrice, Jackson St, 23, 93479"
rMr94@gmail.com,Dor Hernandez,"United States, Alabama, Hoover, Spruce St, 69, 92451"
mlyRbnsn12@gmail.com,Gefen Miller,"United States, Missouri, O’Fallon, 3rd Ave, 8, 65496"
SfJspL16@gmail.com,Charlotte Marie Robinson,"United States, Massachusetts, Newton, W Main St, 56, 41304"
GfnJcksn30@gmail.com,Oren Danilov,"United States, Montana, Miles City, East St, 103, 04179"
mlyKtz80@gmail.com,Logan Katz,"United States, Arkansas, Bentonville, East St, 21, 16019"
SpGnzlz84@gmail.com,Sofia Vigdorovitch,"United States, Iowa, Cedar Falls, Lincoln St, 117, 37997"
LcsDvs97@gmail.com,Julie Mazal Gonzalez,"United States, Nevada, Pahrump, Elm St, 81, 84447"
LmFrdmn48@gmail.com,Alexander Elizabeth Danilov,"United States, California, Riverside, Main St, 15, 61361"
NDnlv92@gmail.com,Ori Lopez,"United States, New Jersey, Lakewood, N Main St, 12, 14548"
vlynFrdmn13@gmail.com,Sophia Martinez,"United States, Mississippi, Horn Lake, Sunset Dr, 104, 63530"
SpL90@gmail.com,Dror Brown,"United States, Missouri, Florissant, Washington Ave, 102, 10979"
GfnDn09@gmail.com,Sophia Rodriguez,"United States, Delaware, Glasgow, 6th St, 30, 55628"
ljGrc19@gmail.com,Evelyn Garcia,"United States, Kansas, Leavenworth, Cedar Ln, 33, 44370"
GfnSmt50@gmail.com,James Lee,"United States, Alabama, Dothan, Jackson St, 17, 23224"
vMllr67@gmail.com,Ofri Charles Jones,"United States, Hawaii, Pearl City, Front St, 74, 99524"
vlynTmpsn03@gmail.com,Dor Taylor,"United States, New Hampshire, Claremont, 6th St, 31, 98386"
MclLpz52@gmail.com,Gefen Williams,"United States, Illinois, Joliet, Washington Ave, 72, 56266"
BnjmnPrz26@gmail.com,Dor Garcia,"United States, Georgia, Sandy Springs, Chestnut St, 63, 15590"
NTms32@gmail.com,Emma Perez,"United States, Mississippi, Olive Branch, Shady Ln, 98, 45897"
SpMllr09@gmail.com,Tom Mizrahi,"United States, Georgia, Alpharetta, Highland Ave, 104, 24967"
mlyRbnsn12@gmail.com,James Lee,"United States, Alabama, Dothan, Jackson St, 17, 23224"
MdsnRbnsn54@gmail.com,Emma Mizrahi,"United States, Arizona, Tucson, Central Ave, 59, 34454"
fkJnWzmn43@gmail.com,Noah Ann Williams,"United States, Kentucky, Henderson, Meadow Ln, 61, 39807"
mlClrk76@gmail.com,Noah Lopez,"United States, Indiana, Terre Haute, S Main St, 44, 14155"
dnClrk21@gmail.com,Tom Ramirez,"United States, Mississippi, Hattiesburg, River Rd, 31, 16887"
JmsClrk81@gmail.com,Alexander Garcia,"United States, Arizona, San Tan Valley, 5th St, 55, 51262"
GfnDn09@gmail.com,Michael Garcia,"United States, Colorado, Lakewood, Ash St, 66, 76187"
lvrMrtnz24@gmail.com,Mia Katz,"United States, Hawaii, Makakilo, 10th St, 105, 62204"
LmJspJcksn63@gmail.com,Jackson Martin,"United States, Idaho, Twin Falls, 2nd Ave, 3, 40302"
SpCn31@gmail.com,Dor Taylor,"United States, New Hampshire, Claremont, 6th St, 31, 98386"
DrTylr66@gmail.com,Dor Cohen,"United States, Indiana, Anderson, 4th St, 4, 26181"
vlynRbnsn50@gmail.com,Sophia Thomas,"United States, Kentucky, Florence, Washington Ave, 63, 99260"
tnGrc75@gmail.com,Dor Anderson,"United States, Alaska, Anchorage, Railroad St, 61, 26793"
SpTms14@gmail.com,Logan Lewis,"United States, Indiana, Indianapolis, High St, 75, 81978"
BnjmnLpz32@gmail.com,James Lee,"United States, Alabama, Dothan, Jackson St, 17, 23224"
mmPrz20@gmail.com,Olivia Johnson,"United States, Alaska, Gateway, Water St, 124, 88510"
SfJspL16@gmail.com,Oren Jones,"United States, Louisiana, Bossier City, North St, 71, 12425"
rBrwn18@gmail.com,James Jackson,"United States, Missouri, Blue Springs, S Main St, 111, 85782"
JlSrCn79@gmail.com,Benjamin Lopez,"United States, Indiana, South Bend, 10th St, 79, 47306"
JlCn61@gmail.com,Harper Marie Davis,"United States, Maryland, Annapolis, Jefferson St, 100, 62518"
bglCn95@gmail.com,Aiden Moore,"United States, Louisiana, Baton Rouge, School St, 60, 18488"
mmMllr92@gmail.com,Ethan Cohen,"United States, Louisiana, Lafayette, Maple St, 84, 49353"
DrWt31@gmail.com,Dror Cohen,"United States, Hawaii, Kihei, Pine St, 74, 96818"
DrCn48@gmail.com,Emily Miller,"United States, Florida, Hialeah, Maple St, 15, 48253"
DrWt31@gmail.com,Jackson Thomas,"United States, Maryland, Hagerstown, 3rd St, 131, 45341"
mlClrk76@gmail.com,Benjamin Levy,"United States, Connecticut, Danbury, Ridge Rd, 98, 35184"
lxndrGrc29@gmail.com,Ava Miller,"United States, Massachusetts, Brockton, Lincoln St, 115, 48504"
rnVgdrvtc07@gmail.com,Charlotte Levy,"United States, Nebraska, Beatrice, Jackson St, 23, 93479"
TmGnzlz10@gmail.com,Ofek Davis,"United States, Connecticut, West Haven, Central Ave, 123, 76120"
lvrKtz49@gmail.com,Jackson Levy,"United States, Alaska, Juneau, Airport Rd, 120, 10411"
SfMzr53@gmail.com,Isabella Marie Gonzalez,"United States, Nevada, North Las Vegas, Vine St, 68, 86687"
rnMzr40@gmail.com,Mia Ramirez,"United States, Montana, Billings, High St, 74, 59114"
lvrGnzlz03@gmail.com,Sofia Vigdorovitch,"United States, Kentucky, Paducah, Chestnut St, 62, 08525"
ljMllr11@gmail.com,Emily Wilson,"United States, Florida, North Port, River Rd, 9, 77976"
mlTylr22@gmail.com,Abigail Joseph Clark,"United States, Minnesota, Maple Grove, Pine St, 85, 74345"
MsnWt89@gmail.com,Sofia Martinez,"United States, Colorado, Lakewood, 10th St, 76, 17947"
SpTylr86@gmail.com,Emma Mizrahi,"United States, Arizona, Tucson, Central Ave, 59, 34454"
Nrrs87@gmail.com,Sofia Friedman,"United States, Minnesota, Maple Grove, Railroad St, 35, 41563"
mmMllr92@gmail.com,Ava Moore,"United States, Connecticut, New Haven, Sunset Dr, 121, 72492"
MclWzmn73@gmail.com,Oren Hernandez,"United States, New Jersey, Camden, Poplar St, 107, 76423"
ljGrc19@gmail.com,Oren Vigdorovitch,"United States, Michigan, Wyoming, Elm St, 74, 60140"
sbllDnlv60@gmail.com,Amelia Hernandez,"United States, Connecticut, Milford city, Woodland Dr, 15, 35011"
sbllRdrgz99@gmail.com,Dror Sara Williams,"United States, Missouri, Florissant, Poplar St, 136, 50808"
rMr94@gmail.com,Gefen Jackson,"United States, Delaware, Hockessin, Short St, 42, 53615"
DrWt31@gmail.com,Emily Anderson,"United States, Maine, Augusta, Park St, 27, 31916"
CrlttGv82@gmail.com,Ori Lee,"United States, Georgia, Valdosta, Jackson St, 122, 03083"
MsnMllr40@gmail.com,Jacob Lewis,"United States, New Hampshire, Durham, 10th St, 30, 34309"
MdsnRbnsn54@gmail.com,Ori Moore,"United States, Nebraska, Hastings, 6th St, 101, 46900"
vlynrnndz30@gmail.com,Madison Brown,"United States, Arizona, Surprise, Jackson St, 130, 27024"
LmFrdmn48@gmail.com,Liam John Weizman,"United States, Montana, Missoula, 4th St, 55, 99750"
LmJcksn69@gmail.com,Oliver Martinez,"United States, Kentucky, Jeffersontown, 1st St, 38, 51274"
lvDn32@gmail.com,Olivia Friedman,"United States, Arizona, Surprise, Washington Ave, 87, 88317"
GfnJcksn30@gmail.com,Tom Gonzalez,"United States, Hawaii, Kapolei, Lincoln St, 126, 03004"
SpGnzlz68@gmail.com,Ofek Anderson,"United States, Connecticut, East Hartford, East St, 43, 48980"
mmMllr92@gmail.com,Oren Vigdorovitch,"United States, Michigan, Wyoming, Elm St, 74, 60140"
JlGrc29@gmail.com,Madison Rodriguez,"United States, Alaska, Fairbanks, Ash St, 126, 28748"
SfVgdrvtc07@gmail.com,Oren Robinson,"United States, Iowa, Ames, Washington St, 123, 28926"
JlGrc29@gmail.com,Jacob Lee,"United States, California, Anaheim, 8th St, 128, 71171"
MdsnRbnsn54@gmail.com,Ofri Lee,"United States, Alabama, Birmingham, 6th St, 52, 70765"
mlyKtz80@gmail.com,Ava Moore,"United States, Connecticut, New Haven, Sunset Dr, 121, 72492"
dnClrk21@gmail.com,Elijah Garcia,"United States, Alabama, Phenix City, 3rd St, 29, 16714"
MclWzmn73@gmail.com,Jackson Martin,"United States, Idaho, Twin Falls, 2nd Ave, 3, 40302"
JlCn61@gmail.com,Ofek Jackson,"United States, Montana, Lockwood, Cherry St, 25, 96175"
mmMzr90@gmail.com,Isabella Taylor,"United States, Florida, Tallahassee, 1st Ave, 127, 95378"
LcsGrcWzmn61@gmail.com,Sofia Joseph Lee,"United States, Iowa, Bettendorf, Central Ave, 90, 81715"
SpRsGv12@gmail.com,Emily Lopez,"United States, Montana, Helena Valley West Central, 10th St, 28, 81002"
mmPrz20@gmail.com,Liam Joseph Jackson,"United States, Idaho, Pocatello, Shady Ln, 53, 36773"
JlKtz68@gmail.com,Olivia Dahan,"United States, Delaware, Middletown, Cedar Ln, 55, 84946"
rndrsn88@gmail.com,Olivia Sara Geva,"United States, Alabama, Decatur, Maple St, 135, 15360"
ljMzlSncz07@gmail.com,Liam Friedman,"United States, New Jersey, Vineland, County Line Rd, 14, 58163"
GfnMllr94@gmail.com,James John Williams,"United States, Florida, Miami, Cedar Ln, 100, 91378"
SfDvs58@gmail.com,Emma Miller,"United States, Florida, St. Petersburg, Oak St, 28, 16443"
DrTylr66@gmail.com,Mia Taylor,"United States, Indiana, Bloomington, South St, 103, 30424"
JcbL47@gmail.com,Michael Lopez,"United States, Mississippi, Starkville, Short St, 125, 67347"
rMr94@gmail.com,Sophia Thomas,"United States, Kentucky, Florence, Washington Ave, 63, 99260"
LcsGrcWzmn61@gmail.com,Abigail Joseph Clark,"United States, Minnesota, Maple Grove, Pine St, 85, 74345"
SfFrdmn28@gmail.com,Mason Mazal Robinson,"United States, Michigan, Ann Arbor, Lakeview Dr, 104, 58545"
vMllr67@gmail.com,Amelia Taylor,"United States, Idaho, Idaho Falls, Short St, 72, 25982"
JmsnnLvy88@gmail.com,Jacob Rodriguez,"United States, Georgia, Augusta, Maple St, 130, 70597"
TmMzr86@gmail.com,Julie Weizman,"United States, Delaware, Middletown, Cedar St, 108, 95970"
SfJspL16@gmail.com,Alexander Weizman,"United States, Iowa, Waterloo, North St, 124, 86926"
JcksnDvs12@gmail.com,Ofek John Weizman,"United States, Illinois, Waukegan, Railroad St, 20, 26962"
MclLpz52@gmail.com,Madison Rodriguez,"United States, Alaska, Fairbanks, Ash St, 126, 28748"
JcbL47@gmail.com,Gefen Dahan,"United States, Iowa, Davenport, 5th St, 112, 23842"
rnRbnsn06@gmail.com,Jackson Ann Anderson,"United States, Arkansas, Fort Smith, Highland Ave, 114, 11983"
SfMrtnz16@gmail.com,Oliver Thompson,"United States, Kentucky, Paducah, Chestnut St, 108, 79519"
GfnDn09@gmail.com,Ethan Taylor,"United States, Idaho, Rexburg, Front St, 112, 32310"
GfnDn09@gmail.com,Olivia Harris,"United States, Indiana, Carmel, Locust St, 93, 74552"
NRdrgz64@gmail.com,Logan Lewis,"United States, Indiana, Indianapolis, High St, 75, 81978"
LmRdrgz92@gmail.com,Aiden Lee,"United States, Idaho, Moscow, Adams St, 67, 85402"
bglJspClrk72@gmail.com,Olivia Brown,"United States, New Jersey, Newark, Meadow Ln, 41, 17822"
lvrGnzlz03@gmail.com,Isabella Danilov,"United States, Georgia, Sandy Springs, Ridge Rd, 77, 93005"
vlynFrdmn01@gmail.com,Harper Marie Davis,"United States, Maryland, Annapolis, Jefferson St, 100, 62518"
fkJcksn76@gmail.com,Jackson Davis,"United States, Delaware, Dover, 3rd Ave, 19, 77076"
lvrTylr54@gmail.com,Ethan Rodriguez,"United States, Nebraska, Bellevue, 3rd St, 72, 18853"
vKtz54@gmail.com,Mason Martinez,"United States, Alaska, College, Jefferson St, 84, 03067"
mlClrk22@gmail.com,Ava Hernandez,"United States, Mississippi, Olive Branch, Jefferson St, 95, 81831"
lvDn32@gmail.com,James Thomas,"United States, Arkansas, Pine Bluff, Mill St, 35, 85502"
JcbGrc14@gmail.com,Charlotte Weizman,"United States, Michigan, Ann Arbor, Washington Ave, 111, 85954"
JcbL47@gmail.com,Evelyn Garcia,"United States, Kansas, Leavenworth, Cedar Ln, 33, 44370"
ljMllr11@gmail.com,Gefen Miller,"United States, Missouri, O’Fallon, 3rd Ave, 8, 65496"
MclLpz52@gmail.com,Ava Gonzalez,"United States, Louisiana, Lafayette, East St, 55, 94013"
bglCn95@gmail.com,Jackson Thomas,"United States, Maryland, Hagerstown, 3rd St, 131, 45341"
SfVgdrvtc07@gmail.com,Mason Mazal Robinson,"United States, Michigan, Ann Arbor, Lakeview Dr, 104, 58545"
mlyRbnsn12@gmail.com,Jacob Wilson,"United States, Kansas, Overland Park, 9th St, 63, 71178"
mlyWlsn47@gmail.com,Tom Johnson,"United States, Maryland, Hagerstown, Washington St, 89, 91978"
frrrs80@gmail.com,Aiden Cohen,"United States, Minnesota, Woodbury, Maple Ave, 65, 75436"
MsnL66@gmail.com,Madison Cohen,"United States, Nebraska, South Sioux City, Maple Ave, 4, 11746"
sbllDnlv60@gmail.com,Michael White,"United States, Missouri, Columbia, Spruce St, 25, 77350"
Jcksnnnndrsn21@gmail.com,Ofri Harris,"United States, California, Santa Ana, Locust St, 35, 96771"
GfnMllr94@gmail.com,Avery Robinson,"United States, Hawaii, Kihei, Maple St, 78, 22943"
JlSrCn79@gmail.com,Ofri Charles Jones,"United States, Hawaii, Pearl City, Front St, 74, 99524"
LmMrSmt11@gmail.com,Lucas Robinson,"United States, New Jersey, Toms River, Willow St, 85, 48197"
SfWlsn37@gmail.com,Lucas Martin,"United States, Nebraska, South Sioux City, East St, 122, 22173"
ljMllr11@gmail.com,Aiden Mazal Taylor,"United States, Alabama, Montgomery, Cedar St, 126, 70886"
mlyRbnsn12@gmail.com,Benjamin Lopez,"United States, Indiana, South Bend, 10th St, 79, 47306"
JlCn61@gmail.com,Avery Robinson,"United States, Hawaii, Kihei, Maple St, 78, 22943"
NMr51@gmail.com,Michael Garcia,"United States, Colorado, Lakewood, Ash St, 66, 76187"
fkJnWzmn43@gmail.com,Elijah Mazal Sanchez,"United States, Iowa, Waterloo, Franklin St, 133, 05757"
dnL87@gmail.com,Ori Johnson,"United States, Minnesota, Lakeville, 4th St, 115, 25508"
NDnlv92@gmail.com,Ofri Katz,"United States, Montana, Billings, Franklin St, 96, 17850"
TmGnzlz10@gmail.com,Ethan Perez,"United States, Kentucky, Richmond, 3rd St, 22, 29653"
lvJnsn80@gmail.com,Jacob Geva,"United States, Alaska, Sterling, Jefferson St, 112, 21806"
mlMrtn97@gmail.com,Ofri Katz,"United States, Montana, Billings, Franklin St, 96, 17850"
lxndrRbnsn65@gmail.com,Tom White,"United States, Maryland, Silver Spring, 2nd Ave, 135, 14722"
rJnsn87@gmail.com,Sofia Lee Martin,"United States, Iowa, Davenport, 1st Ave, 33, 20261"
dnMzlTylr48@gmail.com,Abigail Davis,"United States, Mississippi, Horn Lake, Front St, 123, 73622"
SpRsGv12@gmail.com,Liam Rodriguez,"United States, Nevada, Reno, 3rd St, 49, 62459"
fkJcksn76@gmail.com,Olivia Davis,"United States, Illinois, Waukegan, Woodland Dr, 36, 74735"
rJnsn87@gmail.com,Tom Martin,"United States, Hawaii, Waipahu, Meadow Ln, 81, 89463"
vlynTmpsn03@gmail.com,Elijah Elizabeth Lewis,"United States, Montana, Bozeman, Maple St, 123, 84957"
lvJnsn80@gmail.com,Julie Weizman,"United States, Delaware, Middletown, Cedar St, 108, 95970"
JlGnzlz70@gmail.com,Abigail Wilson,"United States, Louisiana, Kenner, 3rd St, 52, 75518"
mmMzr90@gmail.com,Oliver Taylor,"United States, Indiana, Evansville, Airport Rd, 1, 77158"
dnCn38@gmail.com,Olivia Friedman,"United States, Arizona, Surprise, Washington Ave, 87, 88317"
SfWlsn37@gmail.com,Mason Robinson,"United States, Hawaii, Schofield Barracks, 6th St, 102, 66868"
rJnsn87@gmail.com,Ori Harris,"United States, Maine, Portland, East St, 23, 73956"
JmsJcksn71@gmail.com,Lucas Friedman,"United States, Alabama, Phenix City, 2nd St, 66, 86033"
MsnLpz65@gmail.com,Aiden Cohen,"United States, Minnesota, Woodbury, Maple Ave, 65, 75436"
JcbCn12@gmail.com,Olivia Davis,"United States, Illinois, Waukegan, Woodland Dr, 36, 74735"
ljTmpsn16@gmail.com,Elijah Miller,"United States, Arizona, Gilbert, Washington Ave, 114, 06118"
lxndrWzmn77@gmail.com,Ofri Lewis,"United States, Arizona, Buckeye, Railroad St, 74, 64485"
mlyKtz80@gmail.com,Aiden Lee,"United States, Idaho, Moscow, Adams St, 67, 85402"
mlyLGv55@gmail.com,Noah Thomas,"United States, Montana, Missoula, 9th St, 20, 26146"
mlClrk22@gmail.com,Oliver Thompson,"United States, Kentucky, Paducah, Chestnut St, 108, 79519"
SfVgdrvtc07@gmail.com,James Jackson,"United States, Missouri, Blue Springs, S Main St, 111, 85782"
TmGnzlz10@gmail.com,Amelia Clark,"United States, Montana, Kalispell, 2nd Ave, 33, 60687"
SpTms14@gmail.com,Julie Gonzalez,"United States, Kansas, Dodge City, 6th St, 132, 34478"
SpRsGv12@gmail.com,Sophia Cohen,"United States, Georgia, Macon, 1st Ave, 105, 27651"
JmsClrk81@gmail.com,Dror Geva,"United States, Connecticut, Milford city, Lakeview Dr, 13, 49158"
tnJnsn18@gmail.com,Ofri Harris,"United States, California, Santa Ana, Locust St, 35, 96771"
MsnWt89@gmail.com,Ofri Katz,"United States, Montana, Billings, Franklin St, 96, 17850"
bglCn95@gmail.com,Oliver Taylor,"United States, Indiana, Evansville, Airport Rd, 1, 77158"
Jcksnnnndrsn21@gmail.com,Elijah Miller,"United States, Arizona, Gilbert, Washington Ave, 114, 06118"
mmPrz20@gmail.com,Madison Rodriguez,"United States, Alaska, Fairbanks, Ash St, 126, 28748"
LmJspJcksn63@gmail.com,Aiden Mazal Taylor,"United States, Alabama, Montgomery, Cedar St, 126, 70886"
SfFrdmn28@gmail.com,Julie Dahan,"United States, Connecticut, New Britain, 3rd Ave, 11, 67995"
SfMrtnz16@gmail.com,James Jackson,"United States, Missouri, Blue Springs, S Main St, 111, 85782"
tnJnsn18@gmail.com,Isabella Clark,"United States, New Jersey, Paterson, Oak St, 52, 20781"
MclL75@gmail.com,Olivia Thomas,"United States, Massachusetts, Lynn, West St, 47, 18880"
sbllTylr88@gmail.com,Ava Moore,"United States, Connecticut, New Haven, Sunset Dr, 121, 72492"
vMllr67@gmail.com,Oren Vigdorovitch,"United States, Michigan, Wyoming, Elm St, 74, 60140"
rMr94@gmail.com,Benjamin Charles Perez,"United States, Missouri, Chesterfield, Airport Rd, 54, 17528"
mmPrz20@gmail.com,Oliver Taylor,"United States, Indiana, Evansville, Airport Rd, 1, 77158"
DrrBrwn54@gmail.com,Benjamin Miller,"United States, Kansas, Overland Park, 3rd St, 46, 67718"
MsnMzlRbnsn23@gmail.com,Mason Lee,"United States, Iowa, Council Bluffs, East St, 68, 93762"
bglTylr87@gmail.com,Julie Garcia,"United States, New Hampshire, Nashua, 1st St, 115, 11228"
NTms32@gmail.com,Sofia Friedman,"United States, Minnesota, Maple Grove, Railroad St, 35, 41563"
rndrsn88@gmail.com,Jacob Lee,"United States, California, Anaheim, 8th St, 128, 71171"
MsnLpz65@gmail.com,Tom Mizrahi,"United States, Minnesota, Eagan, 4th St, 95, 43295"
dnClrk21@gmail.com,Madison Cohen,"United States, Nebraska, South Sioux City, Maple Ave, 4, 11746"
lvrMrtnz24@gmail.com,Mason Robinson,"United States, Hawaii, Schofield Barracks, 6th St, 102, 66868"
NRdrgz64@gmail.com,Ofek Thompson,"United States, Arkansas, Jonesboro, 6th St, 18, 11427"
lxndrWzmn77@gmail.com,Aiden Grace Perez,"United States, Nevada, Spring Valley, Maple Ave, 43, 75667"
ljMzlSncz07@gmail.com,Aiden Moore,"United States, Louisiana, Baton Rouge, School St, 60, 18488"
rnVgdrvtc07@gmail.com,Oren Danilov,"United States, New Jersey, Bayonne, Front St, 56, 06916"
tnCn30@gmail.com,Lucas Robinson,"United States, New Jersey, Toms River, Willow St, 85, 48197"
vMllr67@gmail.com,Noah Danilov,"United States, New Hampshire, Durham, Front St, 47, 92714"
rnVgdrvtc07@gmail.com,Ava Hernandez,"United States, Mississippi, Olive Branch, Jefferson St, 95, 81831"
JlKtz68@gmail.com,Liam Marie Smith,"United States, Minnesota, Woodbury, Sunset Dr, 34, 37729"
Spndrsn13@gmail.com,Michael Jones,"United States, Indiana, Muncie, Ash St, 48, 96360"
MdsnnnLpz84@gmail.com,Ava Miller,"United States, Massachusetts, Brockton, Lincoln St, 115, 48504"
dnGrcPrz53@gmail.com,Ofek Ann Davis,"United States, Mississippi, Greenville, Spruce St, 88, 96920"
SpTms14@gmail.com,Sofia Davis,"United States, Alabama, Huntsville, High St, 71, 61082"
JmsJcksn71@gmail.com,Jacob Cohen,"United States, Connecticut, New Britain, Maple St, 119, 77318"
SpTms14@gmail.com,Emily Wilson,"United States, Florida, North Port, River Rd, 9, 77976"