Sofia Wilson,"United States, Iowa, Ankeny, Center St, 126, 41963",,6415877826
Amelia Taylor,"United States, Idaho, Idaho Falls, Short St, 72, 25982",,2085402354
Madison Levy,"United States, Kentucky, Bowling Green, Washington St, 72, 06825",,2701022893
Elijah Martin,"United States, Florida, Kissimmee, Cherry St, 15, 05551",,3529290283
Charlotte Geva,"United States, Maryland, Dundalk, Jefferson St, 65, 76212",,3013540072
Noah Moore,"United States, Missouri, Lee’s Summit, Spruce St, 43, 94822",,5732347863
Amelia Martin,"United States, Mississippi, Gulfport, Church St, 83, 80739",TerraTrove Traders,6621713550
Elijah Mizrahi,"United States, Colorado, Centennial, Shady Ln, 113, 36481",,7208929621
Jacob Wilson,"United States, Arizona, Avondale, Adams St, 48, 65031",,6233255418
Sofia Weizman,"United States, Indiana, Gary, Poplar St, 42, 80933",,2607753818
Sophia Sanchez,"United States, Montana, Miles City, 9th St, 18, 95941",,4063421214
Aiden Moore,"United States, Louisiana, Baton Rouge, School St, 60, 18488",,3186703141
Dror Geva,"United States, Connecticut, Milford city, Lakeview Dr, 13, 49158",,2036549983
Aiden Cohen,"United States, Minnesota, Woodbury, Maple Ave, 65, 75436",,3206418245
Evelyn Sanchez,"United States, Hawaii, Mililani Mauka, Water St, 78, 03107",,8082088069
Benjamin Thomas,"United States, Indiana, Noblesville, North St, 28, 83666",OrchardOrigin Outfitters,3172106183
James John Williams,"United States, Florida, Miami, Cedar Ln, 100, 91378",,9046104992
Noah Weizman,"United States, Indiana, Fishers, Meadow Ln, 68, 06615",,5740538075
Dror Thompson,"United States, New Jersey, Camden, Cedar St, 69, 07430",,9081686117
Isabella Jones,"United States, Kentucky, Nicholasville, Willow St, 126, 38926",,5025861733
Emily Wilson,"United States, Florida, North Port, River Rd, 9, 77976",,9411960249
Sophia Gonzalez,"United States, Arizona, Scottsdale, Shady Ln, 10, 18134",,6233859733
Ofek Ann Davis,"United States, Mississippi, Greenville, Spruce St, 88, 96920",TerraTrove Traders,7697426178
Emily Jackson,"United States, Michigan, Rochester Hills, Front St, 52, 83424",BlossomBridge Corp.,6163057076
Olivia Sara Geva,"United States, Alabama, Decatur, Maple St, 135, 15360",,9381935271
Madison Moore,"United States, Delaware, Newark, Sunset Dr, 126, 84448",ArborArchitects Ltd.,3028356039
Julie Weizman,"United States, Delaware, Middletown, Cedar St, 108, 95970",RootedRealms Co.,3027012619
James Geva,"United States, Indiana, Hammond, 2nd Ave, 111, 98524",OrchardOrigin Outfitters,7651824967
James Friedman,"United States, Maine, Augusta, Spruce St, 68, 88031",NatureNest Creators,2077922422
Ava Elizabeth Lee,"United States, California, Santa Ana, Water St, 99, 41004",,5593878039
Tom Mizrahi,"United States, Georgia, Alpharetta, Highland Ave, 104, 24967",,6787211978
Dor Garcia,"United States, Georgia, Sandy Springs, Chestnut St, 63, 15590",,7707588609
Mason Lopez,"United States, Arizona, Chandler, 5th St, 126, 64090",,6026132934
Sophia Gonzalez,"United States, Indiana, Lafayette, Sunset Dr, 9, 82488",BudBounty Business,5743013967
Jacob Cohen,"United States, Connecticut, New Britain, Maple St, 119, 77318",,8608074748
Harper Mizrahi,"United States, Minnesota, Woodbury, 6th St, 90, 30313",,5078373121
Amelia Clark,"United States, California, Stockton, Main St, 132, 73395",,6575483033
Oliver Katz,"United States, California, Los Angeles, Franklin St, 40, 38559",GardenGuild Holdings,8314560208
Olivia Friedman,"United States, Arizona, Surprise, Washington Ave, 87, 88317",,9284317226
Oliver Thompson,"United States, Kentucky, Paducah, Chestnut St, 108, 79519",,8598011431
Emily Katz,"United States, Kansas, Leawood, 1st Ave, 50, 95666",,6207848112
Elijah Mazal Sanchez,"United States, Iowa, Waterloo, Franklin St, 133, 05757",,5153705878
Jackson Davis,"United States, Delaware, Dover, 3rd Ave, 19, 77076",RootedRealms Co.,3020325755
Ava Hernandez,"United States, Mississippi, Olive Branch, Jefferson St, 95, 81831",TerraTrove Traders,6620998212
Harper Marie Davis,"United States, Maryland, Annapolis, Jefferson St, 100, 62518",,4436829935
Jacob Lewis,"United States, New Hampshire, Durham, 10th St, 30, 34309",,6035857915
Sofia Joseph Lee,"United States, Iowa, Bettendorf, Central Ave, 90, 81715",,6414182074
Ori Clark,"United States, Maryland, Baltimore, Main St, 125, 31346",,3013138886
Isabella Taylor,"United States, Florida, Tallahassee, 1st Ave, 127, 95378",,3211846089
Mason Robinson,"United States, Hawaii, Schofield Barracks, 6th St, 102, 66868",,8087734321
Jacob Lewis,"United States, Massachusetts, Boston, Cedar Ln, 72, 54949",SaplingSynergy Group,8575100853
Aiden Grace Perez,"United States, Nevada, Spring Valley, Maple Ave, 43, 75667",CultivateConsortium Agency,7250653989
Sophia Taylor,"United States, Delaware, Pike Creek Valley, Cedar Ln, 84, 22195",,3028742658
Madison Robinson,"United States, Missouri, Springfield, Front St, 57, 73316",,8163574995
Liam Anderson,"United States, Indiana, Carmel, 3rd St, 16, 67406",OrchardOrigin Outfitters,5741015081
Charlotte Weizman,"United States, Michigan, Ann Arbor, Washington Ave, 111, 85954",FoliageFrontiers Inc.,9895954874
Sophia Miller,"United States, Maine, Bangor, Circle Dr, 121, 22595",NatureNest Creators,2077874910
Oren Hernandez,"United States, New Jersey, Camden, Poplar St, 107, 76423",,7326152857
Julie Garcia,"United States, New Hampshire, Nashua, 1st St, 115, 11228",MeadowMakers Collective,6037878215
Oliver Taylor,"United States, Indiana, Evansville, Airport Rd, 1, 77158",BudBounty Business,7655744825
Isabella Danilov,"United States, Georgia, Sandy Springs, Ridge Rd, 77, 93005",,6782569482
Sofia Vigdorovitch,"United States, Kentucky, Paducah, Chestnut St, 62, 08525",,5028683319
Mason Mazal Robinson,"United States, Michigan, Ann Arbor, Lakeview Dr, 104, 58545",BlossomBridge Corp.,9897447439
Mason Weizman,"United States, Idaho, Eagle, Church St, 108, 03659",ParkPlace Properties,2089318275
Evelyn Robinson,"United States, Massachusetts, Springfield, 3rd Ave, 45, 28378",,7742325864
Emily Geva,"United States, Louisiana, Central, South St, 104, 49523",PetalPro Partners,3180713671
Elijah Miller,"United States, Arizona, Gilbert, Washington Ave, 114, 06118",,9282977826
Oliver Lee Smith,"United States, Florida, Miami, River Rd, 40, 43557",,2393466605
Olivia Harris,"United States, Indiana, Carmel, Locust St, 93, 74552",,5747950136
Noah Danilov,"United States, New Hampshire, Durham, Front St, 47, 92714",MeadowMakers Collective,6036379057
Michael Garcia,"United States, Colorado, Lakewood, Ash St, 66, 76187",LeafyLuxury Spaces,9701489427
Tom Mizrahi,"United States, Minnesota, Eagan, 4th St, 95, 43295",,2182552302
Oliver Gonzalez,"United States, Florida, Fort Lauderdale, Elm St, 52, 97176",,3522870645
Ofek Davis,"United States, Connecticut, West Haven, Central Ave, 123, 76120",,9596464294
Julie Mazal Gonzalez,"United States, Nevada, Pahrump, Elm St, 81, 84447",NectarNetworks Company,7755095301
Jacob Katz,"United States, Michigan, Kalamazoo, Meadow Ln, 38, 88510",FoliageFrontiers Inc.,5864159672
Noah Thomas,"United States, Montana, Missoula, 9th St, 20, 26146",,4065520789
Mia Ramirez,"United States, Montana, Billings, High St, 74, 59114",,4068623878
Olivia Jackson,"United States, Louisiana, Marrero, Franklin St, 60, 11636",FloraFusion Enterprises,3377101012
Evelyn Brown,"United States, Alaska, College, S Main St, 52, 41059",,9078454756
Gefen Smith,"United States, Alabama, Auburn, 9th St, 112, 23214",GreenScape Innovators,9389823964
Abigail Cohen,"United States, Kentucky, Georgetown, 7th St, 72, 33645",,8593950759
Isabella Marie Gonzalez,"United States, Nevada, North Las Vegas, Vine St, 68, 86687",NectarNetworks Company,7022930721
Benjamin Mizrahi,"United States, Massachusetts, Quincy, Circle Dr, 59, 07390",,3394089568
Abigail Taylor,"United States, Michigan, Dearborn, 6th St, 30, 51973",FoliageFrontiers Inc.,9060560288
Logan Lewis,"United States, Indiana, Indianapolis, High St, 75, 81978",,3173038288
Lucas Friedman,"United States, Alabama, Phenix City, 2nd St, 66, 86033",,6595991692
Harper Smith,"United States, Maryland, Silver Spring, 2nd Ave, 133, 62438",,4431796154
Jackson Thomas,"United States, Maryland, Hagerstown, 3rd St, 131, 45341",,4438939963
Jacob Jones,"United States, Alaska, Fairbanks, School St, 27, 41551",EcoGrove Developments,9070067996
Liam Joseph Jackson,"United States, Idaho, Pocatello, Shady Ln, 53, 36773",ParkPlace Properties,2080572835
Charlotte Chai Levy,"United States, Montana, Miles City, Park Ave, 7, 36487",,4064102514
Ethan Cohen,"United States, Louisiana, Lafayette, Maple St, 84, 49353",PetalPro Partners,3371192924
Sophia Rodriguez,"United States, Delaware, Glasgow, 6th St, 30, 55628",,3023614131
Oren Mizrahi,"United States, Nevada, Enterprise, River Rd, 74, 84026",CultivateConsortium Agency,7758651392
Jackson Martin,"United States, Idaho, Twin Falls, 2nd Ave, 3, 40302",SproutSphere Innovations,9863336373
Jackson Ann Anderson,"United States, Arkansas, Fort Smith, Highland Ave, 114, 11983",,4793591858
Ava Katz,"United States, New Hampshire, Claremont, Locust St, 136, 85275",,6039409582
Sophia Lee,"United States, Maine, Brunswick, Lakeview Dr, 107, 49105",,2074606024
Oren Vigdorovitch,"United States, Michigan, Wyoming, Elm St, 74, 60140",FoliageFrontiers Inc.,5861725993
James Thomas,"United States, Arkansas, Pine Bluff, Mill St, 35, 85502",,5010514504
Isabella Clark,"United States, New Jersey, Paterson, Oak St, 52, 20781",,8626730068
Amelia Davis,"United States, Alabama, Hoover, Airport Rd, 118, 67915",,2568175058
Emily Lopez,"United States, Montana, Helena Valley West Central, 10th St, 28, 81002",,4068192845
Sofia Vigdorovitch,"United States, Iowa, Cedar Falls, Lincoln St, 117, 37997",,6416476778
Gefen Dahan,"United States, Iowa, Davenport, 5th St, 112, 23842",,7125868077
Sofia Davis,"United States, Alabama, Huntsville, High St, 71, 61082",,2560920175
Isabella Johnson,"United States, Iowa, Sioux City, Spruce St, 7, 07976",,5155825327
Sophia Anderson,"United States, Iowa, Ankeny, Vine St, 126, 74192",,6415656609
Olivia Dahan,"United States, Delaware, Middletown, Cedar Ln, 55, 84946",ArborArchitects Ltd.,3027537645
Lucas Grace Weizman,"United States, Missouri, St. Charles, Poplar St, 6, 82003",,6604635128
Noah Rodriguez,"United States, Georgia, South Fulton, Front St, 94, 93699",CanopyCrafters Market,7628695868
Julie Katz,"United States, Mississippi, Greenville, 3rd St, 131, 84766",TerraTrove Traders,6623178330
Abigail Wilson,"United States, Louisiana, Kenner, 3rd St, 52, 75518",PetalPro Partners,3370085535
Ori Harris,"United States, Maine, Portland, East St, 23, 73956",,2073994610
Noah White,"United States, California, Oakland, Hill St, 51, 26224",GardenGuild Holdings,8588944425
Ori Brown,"United States, Nevada, Winchester, Shady Ln, 50, 90046",CultivateConsortium Agency,7021003952
Jacob Geva,"United States, Alaska, Sterling, Jefferson St, 112, 21806",,9074269702
Madison Cohen,"United States, Nebraska, South Sioux City, Maple Ave, 4, 11746",,4024770023
Ofek Anderson,"United States, Connecticut, East Hartford, East St, 43, 48980",,8604705624
Tom Jones,"United States, California, Sacramento, Church St, 80, 32298",,6695446100
Avery Robinson,"United States, Hawaii, Kihei, Maple St, 78, 22943",,8088993102
Lucas Martin,"United States, Nebraska, South Sioux City, East St, 122, 22173",,5314400327
Sophia Cohen,"United States, Georgia, Macon, 1st Ave, 105, 27651",CanopyCrafters Market,7708086312
Dror Sara Williams,"United States, Missouri, Florissant, Poplar St, 136, 50808",,4176200143
Mia Taylor,"United States, Indiana, Bloomington, South St, 103, 30424",,4639115414
Tom Gonzalez,"United States, Hawaii, Kapolei, Lincoln St, 126, 03004",,8088532743
Sophia Thomas,"United States, Kentucky, Florence, Washington Ave, 63, 99260",,3649019622
Isabella John Martin,"United States, Michigan, Kalamazoo, 8th St, 123, 02093",BlossomBridge Corp.,5867525070
Ethan Johnson,"United States, Georgia, Atlanta, E Main St, 118, 74689",CanopyCrafters Market,4788701388
Alexander Robinson,"United States, Florida, Riverview, 2nd St, 100, 95698",,3521428640
Ethan Taylor,"United States, Idaho, Rexburg, Front St, 112, 32310",SproutSphere Innovations,2087701814
Jacob Garcia,"United States, Nebraska, La Vista, River Rd, 103, 63529",,5310257819
Sophia Gonzalez,"United States, Louisiana, Kenner, Elm St, 20, 83949",PetalPro Partners,5049138463
Aiden Clark,"United States, Kentucky, Elizabethtown, School St, 37, 18295",,6069094157
Mason Lee,"United States, Iowa, Council Bluffs, East St, 68, 93762",,6418422637
Jackson Levy,"United States, Alaska, Juneau, Airport Rd, 120, 10411",EcoGrove Developments,9076476716
Benjamin Lewis,"United States, Louisiana, Bossier City, Spring St, 99, 89297",,5049068997
Elijah Garcia,"United States, Alabama, Phenix City, 3rd St, 29, 16714",GreenScape Innovators,2567795336
Dror Cohen,"United States, Hawaii, Kihei, Pine St, 74, 96818",,8085835169
Emily Lee Geva,"United States, Hawaii, East Honolulu, Front St, 118, 82060",,8087612289
Jacob Chai Anderson,"United States, Alabama, Madison, Jefferson St, 135, 72922",Verdant Ventures,6597448246
Ava Anderson,"United States, Illinois, Naperville, Hill St, 72, 99029",EdenEcho Developers,8159222555
Alexander Elizabeth Danilov,"United States, California, Riverside, Main St, 15, 61361",GardenGuild Holdings,7072598882
Ava Miller,"United States, Massachusetts, Brockton, Lincoln St, 115, 48504",,3514842830
Ori Thompson,"United States, Maryland, Gaithersburg, Willow St, 108, 05738",,4105805728
Jacob Rodriguez,"United States, Georgia, Augusta, Maple St, 130, 70597",CanopyCrafters Market,4788752174
Madison Cohen,"United States, Maryland, Hagerstown, Cedar Ln, 28, 98012",,4108743836
Jackson Robinson,"United States, Alaska, Wasilla, 1st Ave, 72, 08605",EcoGrove Developments,9070226490
Mason Lee,"United States, Alabama, Huntsville, Railroad Ave, 125, 88815",Verdant Ventures,2512234079
Sofia Mizrahi,"United States, Mississippi, Pearl, 2nd St, 44, 14959",,2288950503
Evelyn Friedman,"United States, Indiana, Gary, Water St, 53, 96958",OrchardOrigin Outfitters,2191361339
Mason Miller,"United States, Missouri, Independence, 4th St, 125, 46733",,6604041797
Oren Danilov,"United States, New Jersey, Bayonne, Front St, 56, 06916",,8485520360
Olivia Johnson,"United States, Alaska, Gateway, Water St, 124, 88510",EcoGrove Developments,9076101982
Avery Brown,"United States, New Jersey, Clifton, Maple Ave, 114, 72482",,7325067999
Alexander Garcia,"United States, Arizona, San Tan Valley, 5th St, 55, 51262",,6024383016
Benjamin Charles Perez,"United States, Missouri, Chesterfield, Airport Rd, 54, 17528",,4171148211
Emily Robinson,"United States, Hawaii, Kailua, Cedar Ln, 88, 49599",,8082421478
Elijah Thompson,"United States, Alaska, Sterling, Hillcrest Dr, 53, 36940",EcoGrove Developments,9075297748
Michael Joseph Levy,"United States, Minnesota, Coon Rapids, Central Ave, 107, 71626",,3206823457
Ava Gonzalez,"United States, Louisiana, Lafayette, East St, 55, 94013",,5045073508
James Clark,"United States, Maryland, Germantown, 2nd Ave, 130, 54435",,4102558111
Jackson Hernandez,"United States, Louisiana, Marrero, Franklin St, 103, 63158",FloraFusion Enterprises,5046329586
Evelyn Garcia,"United States, Kansas, Leavenworth, Cedar Ln, 33, 44370",BloomWorks Landscaping,6200560642
Gefen Miller,"United States, Missouri, O’Fallon, 3rd Ave, 8, 65496",,4172118073
Michael Danilov,"United States, Arizona, Yuma, Lincoln St, 103, 23328",,4802024939
Charlotte Levy,"United States, Nebraska, Beatrice, Jackson St, 23, 93479",,4029004125
Mason Martinez,"United States, Alaska, College, Jefferson St, 84, 03067",EcoGrove Developments,9076184592
Michael White,"United States, Missouri, Columbia, Spruce St, 25, 77350",,6607941531
Ofri Harris,"United States, California, Santa Ana, Locust St, 35, 96771",GardenGuild Holdings,8587960426
Emma Taylor,"United States, Alaska, Anchorage, Adams St, 50, 10918",EcoGrove Developments,9076705733
Elijah Elizabeth Lewis,"United States, Montana, Bozeman, Maple St, 123, 84957",,4063147353
Ethan Garcia,"United States, Arizona, Peoria, Pine St, 55, 21332",,9283903218
Emma John Cohen,"United States, Maryland, Glen Burnie, Chestnut St, 91, 87586",,4102757720
Abigail Joseph Clark,"United States, Minnesota, Maple Grove, Pine St, 85, 74345",,2180760707
Ofri Charles Jones,"United States, Hawaii, Pearl City, Front St, 74, 99524",,8089514694
Oliver Martinez,"United States, Illinois, Des Plaines, Jefferson St, 48, 99452",EdenEcho Developers,3096973598
Dor White,"United States, Idaho, Kuna, Railroad St, 16, 30390",ParkPlace Properties,2082155622
Ava Moore,"United States, Connecticut, New Haven, Sunset Dr, 121, 72492",,4757339020
Benjamin Levy,"United States, Connecticut, Danbury, Ridge Rd, 98, 35184",,2033666876
Emma Miller,"United States, Florida, St. Petersburg, Oak St, 28, 16443",,8638550122
Logan Katz,"United States, Arkansas, Bentonville, East St, 21, 16019",,4793756503
Dor Miller,"United States, Colorado, Lakewood, Woodland Dr, 22, 90841",,9701268555
Ori Moore,"United States, Nebraska, Hastings, 6th St, 101, 46900",,4027043854
Olivia Thomas,"United States, Massachusetts, Lynn, West St, 47, 18880",SaplingSynergy Group,5083481220
Lucas Davis,"United States, Missouri, Lee’s Summit, Oak St, 50, 63744",,3140865228
Julie Gonzalez,"United States, Kansas, Dodge City, 6th St, 132, 34478",,3163323767
Noah Harris,"United States, Montana, Billings, 2nd St, 56, 75234",,4068147623
Oliver Lee,"United States, Connecticut, Bridgeport, Front St, 83, 39548",,4753824443
Evelyn Friedman,"United States, Indiana, Hammond, S Main St, 47, 94579",,7656707544
Noah Wilson,"United States, Kentucky, Louisville, Washington Ave, 118, 46250",,8592452536
James Jackson,"United States, Missouri, Blue Springs, S Main St, 111, 85782",,6607558653
Mia Katz,"United States, Hawaii, Makakilo, 10th St, 105, 62204",,8080036717
Olivia Davis,"United States, Illinois, Waukegan, Woodland Dr, 36, 74735",EdenEcho Developers,3096922435
Jacob Lee,"United States, California, Anaheim, 8th St, 128, 71171",GardenGuild Holdings,2798343503
Emily Anderson,"United States, Maine, Augusta, Park St, 27, 31916",NatureNest Creators,2070496496
Lucas Mizrahi,"United States, Illinois, Waukegan, Church St, 37, 75657",,6306652430
Ethan Perez,"United States, Kentucky, Richmond, 3rd St, 22, 29653",,6061107942
James Anderson,"United States, Illinois, Springfield, Lakeview Dr, 63, 74739",EdenEcho Developers,8723803314
Ori Lopez,"United States, New Jersey, Lakewood, N Main St, 12, 14548",,9730378885
Madison Ann Lopez,"United States, Idaho, Twin Falls, Adams St, 3, 40683",,2084293266
Olivia Brown,"United States, New Jersey, Newark, Meadow Ln, 41, 17822",,5513387633
Sofia Martinez,"United States, Colorado, Lakewood, 10th St, 76, 17947",BotanicBuild Designers,9705867123
Mason White,"United States, Arizona, Goodyear, Shady Ln, 85, 19834",,4803177868
Dror Brown,"United States, Missouri, Florissant, Washington Ave, 102, 10979",,3149475437
Liam Marie Smith,"United States, Minnesota, Woodbury, Sunset Dr, 34, 37729",,6127962299
Amelia Hernandez,"United States, Connecticut, Milford city, Woodland Dr, 15, 35011",,2039428183
Ofek Thompson,"United States, Arkansas, Jonesboro, 6th St, 18, 11427",,8702473904
Isabella Rodriguez,"United States, New Jersey, Bayonne, Hillcrest Dr, 26, 15627",,6402027912
Dor Hernandez,"United States, Alabama, Hoover, Spruce St, 69, 92451",,2561759676
Sophia Rose Geva,"United States, New Hampshire, Portsmouth, Short St, 30, 83148",PlantPioneers Organization,6035651628
Charlotte Marie Robinson,"United States, Massachusetts, Newton, W Main St, 56, 41304",VistaVineyard Planners,8574935822
Benjamin Miller,"United States, Kansas, Overland Park, 3rd St, 46, 67718",BloomWorks Landscaping,7854369955
Isabella Thomas,"United States, Nevada, Henderson, County Line Rd, 17, 80887",NectarNetworks Company,7252739943
Mia Thompson,"United States, Alaska, Knik-Fairview, Sunset Dr, 68, 12759",,9079841344
Ethan Rodriguez,"United States, Nebraska, Bellevue, 3rd St, 72, 18853",,3081919251
Julie Dahan,"United States, Connecticut, New Britain, 3rd Ave, 11, 67995",,8602351694
Tom White,"United States, Maryland, Silver Spring, 2nd Ave, 135, 14722",,3018206408
Michael Miller,"United States, Michigan, Wyoming, Pine St, 77, 92372",,7346806070
Olivia Martinez,"United States, Indiana, Kokomo, North St, 38, 60630",BudBounty Business,9307277206
Oren John Martin,"United States, Missouri, St. Joseph, South St, 47, 78819",,8169879690
Aiden Mizrahi,"United States, New Jersey, Union City, 3rd Ave, 130, 44039",,8484229743
Ofek Jackson,"United States, Montana, Lockwood, Cherry St, 25, 96175",,4063799411
Ori Lee,"United States, Georgia, Valdosta, Jackson St, 122, 03083",,7623924281
Ori Anderson,"United States, Arizona, Scottsdale, 1st Ave, 83, 21021",,9286749382
Michael Jones,"United States, Indiana, Muncie, Ash St, 48, 96360",,2609584710
Tom Martin,"United States, Hawaii, Waipahu, Meadow Ln, 81, 89463",,8082081309
Abigail Davis,"United States, Mississippi, Horn Lake, Front St, 123, 73622",,2282281290
Alexander Weizman,"United States, Iowa, Waterloo, North St, 124, 86926",,7127831166
Emma Harris,"United States, Kansas, Olathe, Hill St, 8, 43280",BloomWorks Landscaping,7857565090
Liam Friedman,"United States, New Jersey, Vineland, County Line Rd, 14, 58163",,5511678474
Tom Johnson,"United States, Maryland, Hagerstown, Washington St, 89, 91978",,4436372972
Gefen Williams,"United States, Illinois, Joliet, Washington Ave, 72, 56266",EdenEcho Developers,8152340697
Emily Miller,"United States, Florida, Hialeah, Maple St, 15, 48253",,8130261577
Madison Rodriguez,"United States, Alaska, Fairbanks, Ash St, 126, 28748",,9076883412
Harper Davis,"United States, Louisiana, Bossier City, Ridge Rd, 92, 30513",,5043917610
Liam Rodriguez,"United States, Nevada, Reno, 3rd St, 49, 62459",,7750634118
Ethan Smith,"United States, Michigan, Grand Rapids, 4th St, 108, 08118",FoliageFrontiers Inc.,8104180650
Madison Lopez,"United States, Maryland, Hagerstown, Elm St, 84, 40105",,4432416282
Amelia Clark,"United States, Montana, Kalispell, 2nd Ave, 33, 60687",,4060458777
Liam Miller,"United States, Kansas, Overland Park, Main St, 58, 16845",BloomWorks Landscaping,9132641915
Sophia Martinez,"United States, Mississippi, Horn Lake, Sunset Dr, 104, 63530",TerraTrove Traders,6014270658
Sophia Cohen,"United States, Indiana, Fishers, South St, 50, 40206",,7657798950
Logan Lee,"United States, Montana, Evergreen, Hill St, 58, 03875",,4062586719
Jacob Rose Lopez,"United States, Iowa, West Des Moines, Shady Ln, 5, 70238",,5630742313
Liam Sanchez,"United States, Illinois, Aurora, 6th St, 86, 34821",,2240769531
Ori Johnson,"United States, Minnesota, Lakeville, 4th St, 115, 25508",,3208042409
Benjamin Lopez,"United States, Indiana, South Bend, 10th St, 79, 47306",OrchardOrigin Outfitters,9306405755
Avery Brown,"United States, Kentucky, Independence, Cedar St, 82, 52231",,5029108385
Jacob Wilson,"United States, Kansas, Overland Park, 9th St, 63, 71178",BloomWorks Landscaping,3166354616
James Ann Levy,"United States, Colorado, Pueblo, 3rd St, 31, 34793",,9700614791
Emma Perez,"United States, Mississippi, Olive Branch, Shady Ln, 98, 45897",TerraTrove Traders,6624251867
Dor Cohen,"United States, Indiana, Anderson, 4th St, 4, 26181",,7650054269
Ori Davis,"United States, Florida, North Port, 4th Ave, 75, 64213",,8503917028
Amelia Thomas,"United States, Illinois, Des Plaines, Cedar St, 84, 83467",,6185844215
James Sanchez,"United States, Idaho, Boise, Mill St, 85, 53752",,9864479992
Aiden Mazal Taylor,"United States, Alabama, Montgomery, Cedar St, 126, 70886",GreenScape Innovators,2566088718
Gefen Jackson,"United States, Delaware, Hockessin, Short St, 42, 53615",ArborArchitects Ltd.,3022090670
Michael Weizman,"United States, Georgia, Johns Creek, Meadow Ln, 110, 40079",CanopyCrafters Market,7706119228
Dor Taylor,"United States, New Hampshire, Claremont, 6th St, 31, 98386",,6035904186
Ofri Katz,"United States, Montana, Billings, Franklin St, 96, 17850",,4062524085
Mason Lopez,"United States, Connecticut, New Haven, Railroad Ave, 104, 99371",,2031715783
Aiden Lee,"United States, Idaho, Moscow, Adams St, 67, 85402",SproutSphere Innovations,9863391799
Sophia Brown,"United States, Maine, Brunswick, Highland Ave, 46, 53543",,2071507608
Aiden Cohen,"United States, Michigan, Farmington Hills, School St, 120, 50134",,5866038243
Julie Cohen,"United States, Iowa, Council Bluffs, High St, 25, 80751",,5152586931
Madison Brown,"United States, Arizona, Surprise, Jackson St, 130, 27024",,4806834628
Tom Thomas,"United States, California, San Francisco, Front St, 39, 03861",,4153739502
Dor Anderson,"United States, Alaska, Anchorage, Railroad St, 61, 26793",EcoGrove Developments,9079408215
Julie Mazal Katz,"United States, Massachusetts, New Bedford, 4th St, 52, 21399",,5087717365
Oren Jones,"United States, Louisiana, Bossier City, North St, 71, 12425",FloraFusion Enterprises,3188202005
Elijah Mizrahi,"United States, Delaware, Brookside, South St, 73, 09103",,3024729507
Oren Robinson,"United States, Iowa, Ames, Washington St, 123, 28926",,6411515155
Sofia Friedman,"United States, Minnesota, Maple Grove, Railroad St, 35, 41563",,9522780702
Liam John Weizman,"United States, Montana, Missoula, 4th St, 55, 99750",,4067585105
Ava Perez,"United States, Connecticut, Norwalk, County Line Rd, 135, 52824",,2030949148
Emma Friedman,"United States, Missouri, Jefferson City, Main St, 15, 63935",,5735537612
Evelyn Hernandez,"United States, Arkansas, Texarkana, Spruce St, 115, 87028",,8701264293
Benjamin Perez,"United States, Florida, Daytona Beach, 8th St, 125, 32316",,8638536580
Emma Mizrahi,"United States, Arizona, Tucson, Central Ave, 59, 34454",,9286632401
Ofri Lewis,"United States, Arizona, Buckeye, Railroad St, 74, 64485",,6231844073
Julie Sara Cohen,"United States, Maine, Brunswick, River Rd, 13, 96974",,2074145432
Ofek John Weizman,"United States, Illinois, Waukegan, Railroad St, 20, 26962",,6303995032
Michael Lee,"United States, California, San Jose, Circle Dr, 126, 83705",,3239523033
Noah Ann Williams,"United States, Kentucky, Henderson, Meadow Ln, 61, 39807",,2701218393
Michael Lopez,"United States, Mississippi, Starkville, Short St, 125, 67347",,7699870284
Ofek Ramirez,"United States, New Hampshire, Derry, Railroad Ave, 15, 69175",,6039190930
Tom Ramirez,"United States, Mississippi, Hattiesburg, River Rd, 31, 16887",TerraTrove Traders,7693789617
James Lee,"United States, Alabama, Dothan, Jackson St, 17, 23224",,2512060076
Liam Jackson,"United States, Florida, Riverview, Short St, 24, 10540",,3860615112
Noah Lopez,"United States, Indiana, Terre Haute, S Main St, 44, 14155",BudBounty Business,9307494783
Madison Davis,"United States, New Jersey, Newark, 1st St, 57, 06554",,9080509108
Elijah Charles Gonzalez,"United States, Mississippi, Biloxi, North St, 40, 27006",,6625788222
Ofri Lee,"United States, Alabama, Birmingham, 6th St, 52, 70765",,2567494210
Oliver Martinez,"United States, Kentucky, Jeffersontown, 1st St, 38, 51274",,6065063113
Evelyn Thompson,"United States, Nebraska, La Vista, Lincoln St, 116, 51877",,3085677807
Sofia Lee Martin,"United States, Iowa, Davenport, 1st Ave, 33, 20261",,6411525005
Oren Danilov,"United States, Montana, Miles City, East St, 103, 04179",,4061328675
Lucas Robinson,"United States, New Jersey, Toms River, Willow St, 85, 48197",,6091421426
