Expeditious Delicious Raised Bed Seedsheet,French Breakfast Radish,1
Expeditious Delicious Raised Bed Seedsheet,Suger Snap Pea,1
Expeditious Delicious Raised Bed Seedsheet,Cucumber,1
Expeditious Delicious Raised Bed Seedsheet,Butterhead Lettuce,1
Expeditious Delicious Raised Bed Seedsheet,Scallions,1
Expeditious Delicious Raised Bed Seedsheet,Dill,1
Easy Breeazy caprese Raised Bed Seedsheet,Sun Gold Cherry Tomato,1
Easy Breeazy caprese Raised Bed Seedsheet,Heirloom Medium Red Tomato,1
Easy Breeazy caprese Raised Bed Seedsheet,Tangerine Gem Marigold,1
Easy Breeazy caprese Raised Bed Seedsheet,Sage,1
Roots and Shoots Fall Garden,Fall Carrot,2
Roots and Shoots Fall Garden,Salad Blend Lettuce,1
Roots and Shoots Fall Garden,Kale,1
Roots and Shoots Fall Garden,Spinach,1
Roots and Shoots Fall Garden,French Breakfast Radish,1
Roots and Shoots Fall Garden,Arugula,1
Roots and Shoots Fall Garden,Beets,1
Picture Perfect Pickling Fall Garden,Scallions,1
Picture Perfect Pickling Fall Garden,Cucumber,1
Picture Perfect Pickling Fall Garden,Dill,1
Picture Perfect Pickling Fall Garden,Watermelon Radish,1
Picture Perfect Pickling Fall Garden,Beets,1
Picture Perfect Pickling Fall Garden,Provider Bush Bean,1
Kaleidoscope Cut Flowers Raised Bed Seedsheet,Golden Sunflower,1
Kaleidoscope Cut Flowers Raised Bed Seedsheet,Giant Purple Zinnia,1
Kaleidoscope Cut Flowers Raised Bed Seedsheet,Orange Calendula,1
Kaleidoscope Cut Flowers Raised Bed Seedsheet,Strawberry Blonde Sunflower,1
Kaleidoscope Cut Flowers Raised Bed Seedsheet,Tangerine Gem Marigold,1
Kaleidoscope Cut Flowers Raised Bed Seedsheet,Nastrutium,1
Summer Three Sisters Raised Bed Seedsheet,Corn,1
Summer Three Sisters Raised Bed Seedsheet,Zucchini,1
Summer Three Sisters Raised Bed Seedsheet,Yellow Squash,1
Summer Three Sisters Raised Bed Seedsheet,Provider Bush Bean,1
Summer Southern Comforts Raised Bed Seedsheet,Cucamelon,1
Summer Southern Comforts Raised Bed Seedsheet,Baby Watermelon,1
Summer Southern Comforts Raised Bed Seedsheet,Corn,2
Summer Southern Comforts Raised Bed Seedsheet,Edamame,1
Summer Southern Comforts Raised Bed Seedsheet,Sage,1
Summer Pad Thai Raised Bed Seedsheet,Basil,1
Summer Pad Thai Raised Bed Seedsheet,Nastrutium,1
Summer Pad Thai Raised Bed Seedsheet,Cilantro,1
Summer Pad Thai Raised Bed Seedsheet,Fall Carrot,1
Summer Pad Thai Raised Bed Seedsheet,Cayenne Pepper,1
Summer Pad Thai Raised Bed Seedsheet,Scallions,1
Fresh Salsa Raised Bed Seedsheet,Glacier Tomato,1
Fresh Salsa Raised Bed Seedsheet,Cilantro,1
Fresh Salsa Raised Bed Seedsheet,Tomatillo,1
Fresh Salsa Raised Bed Seedsheet,Jalapeno Pepper,1
Summer Supreme Garden Kit,Tangerine Gem Marigold,1
Summer Supreme Garden Kit,Heirloom Medium Red Tomato,1
Summer Supreme Garden Kit,Sun Gold Cherry Tomato,1
Summer Supreme Garden Kit,Basil,1
Summer Saver Garden Kit,Corn,1
Summer Saver Garden Kit,Zucchini,1
Summer Saver Garden Kit,Yellow Squash,1
Summer Saver Garden Kit,French Green Bean,1
Summer Starter Garden Kit,Beets,1
Summer Starter Garden Kit,Arugula,1
Summer Starter Garden Kit,Baby Watermelon,1
Summer Starter Garden Kit,Cantaloupe,1
Summer Salads Raised Bed Seedsheet,Arugula,1
Summer Salads Raised Bed Seedsheet,Rainbow Chard,1
Summer Salads Raised Bed Seedsheet,Spinach,1
Summer Salads Raised Bed Seedsheet,Butterhead Lettuce,1
Summer Salads Raised Bed Seedsheet,French Breakfast Radish,1
Summer Salads Raised Bed Seedsheet,Kale,1
Summer Salads Raised Bed Seedsheet,Fennel,1
Summer Salads Raised Bed Seedsheet,Yellow Squash,1
