Arugula,Greens
Basil,Herbs
Dragon Bean,Fruiting
French Green Bean,Fruiting
Provider Bush Bean,Fruiting
Beets,Greens
Beets,Fruiting
Borage,Flowers
Broccoli,Fruiting
Broccolini,Greens
Broccolini,Fruiting
Butterhead Lettuce,Greens
Dragon Carrot,Root Vegetables
Fall Carrot,Root Vegetables
Cauliflower,Fruiting
Rainbow Chard,Greens
Cilantro,Herbs
Lemon Cucumber,Fruiting
Dill,Herbs
Fennel,Greens
Fennel,Fruiting
Fennel,Root Vegetables
Kale,Greens
Salad Blend Lettuce,Greens
Dark Orange Marigold,Flowers
Sun Gold Cherry Tomato,Fruiting
Heirloom Medium Red Tomato,Heirloom
Golden Sunflower,Flowers
Spinach,Greens
Scallions,Herbs
Sage,Herbs
Watermelon Radish,Root Vegetables
French Breakfast Radish,Root Vegetables
Suger Snap Pea,Fruiting
Parsley,Herbs
Corn,Fruiting
Spring Carrot,Root Vegetables
Jalapeno Pepper,Fruiting
Edamame,Fruiting
Deep Purple Carrot,Root Vegetables
Eggplant,Fruiting
Giant Purple Zinnia,Flowers
Cucamelon,Fruiting
Orange Calendula,Flowers
Strawberry Blonde Sunflower,Flowers
Shishito Pepper,Fruiting
Tangerine Gem Marigold,Flowers
Cayenne Pepper,Fruiting
Mustard,Greens
Buzz Buttons,Flowers
Chives,Herbs
Thyme,Herbs
Mini Sweet Pepper,Fruiting
Glacier Tomato,Fruiting
Zucchini,Fruiting
Baby Watermelon,Fruiting
Large Bell Pepper,Fruiting
Tomatillo,Fruiting
Cantaloupe,Fruiting
Cucumber,Fruiting
Yellow Squash,Fruiting
Spaghetti Squash,Fruiting
Nastrutium,Flowers
Husk Cherry,Fruiting
Racer Pumpkin,Fruiting
