SfWlsn37@gmail.com,Rlhh766@
mlTylr22@gmail.com,Snd@3257
CrlttGv82@gmail.com,Jpi@wt12
NMr51@gmail.com,Cvv&7277
mlMrtn97@gmail.com,Pkfk878%
SfWzmn94@gmail.com,Shj+vt43
dnCn38@gmail.com,Qinh214%
JmsJnWllms60@gmail.com,Keu8783*
mlyWlsn47@gmail.com,Rbz&j668
SpGnzlz84@gmail.com,Jdjuh09*
mlyJcksn56@gmail.com,Cje@i077
JlWzmn83@gmail.com,Kzq%0151
JmsFrdmn68@gmail.com,Ihw9537+
TmMzr71@gmail.com,Wbw@pcx1
DrGrc57@gmail.com,See$en04
MsnLpz65@gmail.com,Byo+8663
SpGnzlz68@gmail.com,Pzz4753$
JcbCn12@gmail.com,Kuh#b061
mlClrk76@gmail.com,Nqg@6031
lvrKtz49@gmail.com,Ekc+q594
mlyKtz80@gmail.com,Buo&vx69
ljMzlSncz07@gmail.com,Aem8766&
JcksnDvs12@gmail.com,Qix2465%
vrnndz30@gmail.com,Fxcu462$
SfJspL16@gmail.com,Tmobnj6+
sbllTylr88@gmail.com,Aku2697*
dnGrcPrz53@gmail.com,Oko*hz40
SpTylr86@gmail.com,Vaj#k865
MdsnRbnsn54@gmail.com,Kgk@7331
CrlttWzmn62@gmail.com,Fqpp857@
SpMllr09@gmail.com,Dgi#u033
rnrnndz92@gmail.com,Jfl6627%
JlGrc29@gmail.com,Bar&jr08
lvrTylr54@gmail.com,Rhzm448%
sbllDnlv60@gmail.com,Axp#p478
SfVgdrvtc18@gmail.com,Zpn@6597
MsnMzlRbnsn23@gmail.com,Bfsz135@
vlynRbnsn50@gmail.com,Ymm$x385
ljMllr11@gmail.com,Wry?g840
NDnlv92@gmail.com,Phj+pi41
TmMzr86@gmail.com,Mdpxp29*
lvrGnzlz03@gmail.com,Yddv618?
JlMzlGnzlz30@gmail.com,Zkg+e996
NTms32@gmail.com,Qic&9265
vlynBrwn61@gmail.com,Eed#a057
GfnSmt50@gmail.com,Smr8997#
bglCn95@gmail.com,Trb*i853
bglTylr87@gmail.com,Qfr?8296
LcsFrdmn68@gmail.com,Wrm3133%
rprSmt25@gmail.com,Mhabm01*
JcksnTms50@gmail.com,Ung@9150
JcbJns46@gmail.com,Wmz0852@
LmJspJcksn63@gmail.com,Jwc5134*
CrlttCLvy87@gmail.com,Gdun047@
tnCn30@gmail.com,Lio*l885
SpRdrgz76@gmail.com,Gcqx059$
rnMzr40@gmail.com,Ytan450@
Jcksnnnndrsn21@gmail.com,Hxhi751$
vKtz54@gmail.com,Yhe$ar43
SpL90@gmail.com,Exg$c186
rnVgdrvtc07@gmail.com,Emd*5658
JmsTms40@gmail.com,Gcszl64%
SfVgdrvtc07@gmail.com,Pabd620@
GfnDn09@gmail.com,Zxd&v365
SfDvs58@gmail.com,Cfoq844?
Spndrsn13@gmail.com,Ruz&t156
lvDn32@gmail.com,Mscb381#
LcsGrcWzmn61@gmail.com,Vzcf552$
NRdrgz64@gmail.com,Mxd@9322
JlKtz68@gmail.com,Den?mqs4
rrrs02@gmail.com,Ykc&d250
rBrwn18@gmail.com,Igk*we15
MdsnCn38@gmail.com,Kyhmq99@
fkndrsn62@gmail.com,Gfkz805&
TmJns55@gmail.com,Auq@5723
TmGnzlz10@gmail.com,Zwz3458#
SpTms14@gmail.com,Prtv075&
sbllJnMrtn59@gmail.com,Tab#5033
tnJnsn18@gmail.com,Aze4380*
lxndrRbnsn65@gmail.com,Icd?z186
JcbGrc14@gmail.com,Vong853*
dnClrk21@gmail.com,Lgt*rux5
MsnL66@gmail.com,Cfe$m245
ljGrc19@gmail.com,Suw@t602
mlyLGv55@gmail.com,Zflxv80$
lxndrlzbtDnlv58@gmail.com,Jpt8639&
vMllr67@gmail.com,Qjkc683$
MdsnCn66@gmail.com,Fkgro07$
SfMzr53@gmail.com,Rhgk862&
vlynFrdmn01@gmail.com,Jhk?k078
MsnMllr40@gmail.com,Zchb079+
lvJnsn80@gmail.com,Rpzhw11&
vryBrwn36@gmail.com,Jvt+t115
lxndrGrc29@gmail.com,Mprq715#
mlyRbnsn12@gmail.com,Wms%eh65
ljTmpsn16@gmail.com,Vkn9357#
JmsClrk81@gmail.com,Ewhw411$
Jcksnrnndz62@gmail.com,Jkg@l370
GfnMllr94@gmail.com,Cakyds4&
MsnMrtnz51@gmail.com,Mzqk174+
MclWt46@gmail.com,Ems+da98
frrrs80@gmail.com,Lub+f364
ljlzbtLws59@gmail.com,Mgw*2539
tnGrc75@gmail.com,Tdtd849$
bglJspClrk72@gmail.com,Lylm885+
frCrlsJns76@gmail.com,Qfq+0998
lvrMrtnz68@gmail.com,Gzya051#
DrWt31@gmail.com,Kzw1374?
vMr91@gmail.com,Jyv&7376
BnjmnLvy69@gmail.com,Nro8305&
mmMllr92@gmail.com,Uhuy827*
rMr94@gmail.com,Xtf5138?
LcsDvs97@gmail.com,Jde7100*
JlGnzlz70@gmail.com,Yqg*qhv3
Nrrs87@gmail.com,Ogs#k548
vlynFrdmn13@gmail.com,Slr@h761
JmsJcksn71@gmail.com,Utb*o610
lvDvs25@gmail.com,Vla&smr4
JcbL47@gmail.com,Sxc$q258
LcsMzr80@gmail.com,Woh$wv69
MdsnnnLpz84@gmail.com,Gao#8524
SfMrtnz16@gmail.com,Cfjv024@
MsnWt89@gmail.com,Arpc611+
DrrBrwn54@gmail.com,Dyke451#
LmMrSmt11@gmail.com,Wai*v069
mlrnndz72@gmail.com,Dsy@mj70
sbllRdrgz99@gmail.com,Igh2148$
SpRsGv12@gmail.com,Nyu#9361
tnRdrgz89@gmail.com,Nwx$j382
JlDn79@gmail.com,Agkb308@
TmWt75@gmail.com,Nmo#5308
lvMrtnz31@gmail.com,Wccp359#
dnMzr54@gmail.com,Wmn7131+
fkJcksn76@gmail.com,Bmthf01*
rL99@gmail.com,Yrxfo95?
rndrsn88@gmail.com,Iwl*e793
lxndrWzmn77@gmail.com,Htnn739+
LmFrdmn48@gmail.com,Pal3569@
mlyMllr90@gmail.com,Yhro437*
LmRdrgz92@gmail.com,Rwt2637*
tnSmt77@gmail.com,Era9622#
MdsnLpz64@gmail.com,Rfs3868#
mlClrk22@gmail.com,Lbq$j624
SpMrtnz52@gmail.com,Vyehv38%
SpCn31@gmail.com,Eqv+n580
JcbRsLpz85@gmail.com,Ygbt103$
LmSncz07@gmail.com,Iuuc351%
rJnsn87@gmail.com,Qfxd273?
BnjmnLpz32@gmail.com,Rpp?0014
JmsnnLvy88@gmail.com,Elx$5525
mmPrz20@gmail.com,Pjtq892&
DrCn48@gmail.com,Utm&0803
mlTms24@gmail.com,Bzwg850$
JmsSncz22@gmail.com,Blxw625$
dnMzlTylr48@gmail.com,Elrdw54@
GfnJcksn30@gmail.com,Xnhu368*
MclWzmn73@gmail.com,Yfp%5618
DrTylr66@gmail.com,Wsyj133&
dnL87@gmail.com,Xbz%fd60
dnCn61@gmail.com,Irka306%
JlCn61@gmail.com,Vii8989*
rnJns04@gmail.com,Jfe1272@
ljMzr90@gmail.com,Rgs&k251
rnRbnsn06@gmail.com,Cjg+0486
SfFrdmn28@gmail.com,Uvc0923*
vPrz79@gmail.com,Wwmru82@
vlynrnndz30@gmail.com,Rja@9730
BnjmnPrz26@gmail.com,Ltu%2171
mmMzr90@gmail.com,Ygyc916?
JlSrCn79@gmail.com,Jci#1587
fkJnWzmn43@gmail.com,Godq535+
MclL75@gmail.com,Pgyo363&
MclLpz52@gmail.com,Dedvl32#
fkRmrz22@gmail.com,Oaswi11&
LmJcksn69@gmail.com,Wum#3044
NLpz52@gmail.com,Ubsq358@
ljCrlsGnzlz97@gmail.com,Drj4330%
lvrMrtnz24@gmail.com,Zne7920@
vlynTmpsn03@gmail.com,Umw%j066
